Code,Country,Year,Population requiring PC for LF,Mapping status,Type of MDA,Number of IUs covered,Geographical coverage,Total population of IUs,Reported number of people treated,Programme (drug) coverage,National coverage
AFR,Angola,2009,"12,090,000",In progress,Not started,-,-,-,-,-,-
AFR,Angola,2010,"12,090,000",In progress,Not started,-,-,-,-,-,-
AFR,Angola,2011,"12,090,000",In progress,Not started,-,-,-,-,-,-
AFR,Angola,2012,"12,090,000",In progress,Not started,-,-,-,-,-,-
AFR,Angola,2013,"12,090,000",In progress,Not started,-,-,-,-,-,-
AFR,Angola,2014,"12,090,000",In progress,Not started,-,-,-,-,-,-
AFR,Angola,2015,"12,090,000",In progress,Not started,-,-,-,-,-,-
AFR,Angola,2016,"5,396,337",In progress,IVM + ALB,3,6.8%,"117,656","46,196",39.3%,0.9%
AFR,Benin,2002,"3,430,000",Completed,IVM + ALB,3,6.0%,"289,094","224,971",77.8%,6.6%
AFR,Benin,2003,"3,430,000",Completed,IVM + ALB,15,30.0%,"839,321","678,638",80.9%,19.8%
AFR,Benin,2004,"4,362,588",Completed,IVM + ALB,23,46.0%,"1,469,789","1,127,825",76.7%,25.9%
AFR,Benin,2005,"4,799,900",Completed,IVM + ALB,33,66.0%,"2,010,883","1,516,490",75.4%,31.6%
AFR,Benin,2006,"4,799,900",Completed,IVM + ALB,28,56.0%,"1,864,118","1,461,523",78.4%,30.4%
AFR,Benin,2007,"4,799,900",Completed,IVM + ALB,28,56.0%,"1,836,321","1,485,608",80.9%,31.0%
AFR,Benin,2008,"5,282,204",Completed,IVM + ALB,16,32.0%,"1,075,801","904,775",84.1%,17.1%
AFR,Benin,2009,"5,282,204",Completed,IVM + ALB,16,32.0%,"1,068,220","908,775",85.1%,17.2%
AFR,Benin,2010,"5,282,204",Completed,IVM + ALB,16,32.0%,"1,105,375","946,317",85.6%,17.9%
AFR,Benin,2011,"5,812,099",Completed,IVM + ALB,14,28.0%,"630,963","531,313",84.2%,9.1%
AFR,Benin,2012,"3,747,913",Completed,IVM + ALB,13,48.1%,"813,049","656,329",80.7%,17.5%
AFR,Benin,2013,"3,747,913",Completed,IVM + ALB,25,92.6%,"1,095,832","1,155,182",105.4%,30.8%
AFR,Benin,2014,"3,767,037",Completed,IVM + ALB,25,92.6%,"2,182,998","1,273,314",58.3%,33.8%
AFR,Benin,2015,"3,898,884",Completed,IVM + ALB,25,92.6%,"2,828,096","1,631,338",57.7%,41.8%
AFR,Benin,2016,"2,990,390",Completed,IVM + ALB,25,100.0%,"2,990,390","1,686,564",56.4%,56.4%
AFR,Burkina Faso,2001,"12,000,000",Completed,IVM + ALB,4,7.3%,"558,552","431,399",77.2%,3.6%
AFR,Burkina Faso,2002,"12,793,884",Completed,IVM + ALB,14,25.4%,"2,612,524","1,786,125",68.4%,14.0%
AFR,Burkina Faso,2003,"13,116,285",Completed,IVM + ALB,31,56.4%,"7,074,048","5,504,199",77.8%,42.0%
AFR,Burkina Faso,2004,"13,194,581",Completed,IVM + ALB,37,67.3%,"8,401,168","6,239,697",74.3%,47.3%
AFR,Burkina Faso,2005,"13,590,357",Completed,IVM + ALB,55,100.0%,"13,590,357","10,493,483",77.2%,77.2%
AFR,Burkina Faso,2006,"13,938,935",Completed,IVM + ALB,55,100.0%,"13,938,935","11,127,329",79.8%,79.8%
AFR,Burkina Faso,2007,"14,333,866",Completed,IVM + ALB,55,100.0%,"14,333,866","11,613,507",81.0%,81.0%
AFR,Burkina Faso,2008,"15,411,849",Completed,IVM + ALB,63,100.0%,"14,724,723","12,041,890",81.8%,78.1%
AFR,Burkina Faso,2009,"15,411,849",Completed,IVM + ALB,63,100.0%,"15,411,849","12,326,907",80.0%,80.0%
AFR,Burkina Faso,2010,"15,411,849",Completed,No MDA,-,-,-,-,-,-
AFR,Burkina Faso,2011,"16,570,898",Completed,IVM + ALB,63,100.0%,"15,774,982","12,825,582",81.3%,77.4%
AFR,Burkina Faso,2012,"16,779,208",Completed,IVM + ALB,57,90.5%,"15,348,722","12,437,078",81.0%,74.1%
AFR,Burkina Faso,2013,"13,113,401",Completed,IVM + ALB,47,100.0%,"13,113,401","9,368,472",71.4%,71.4%
AFR,Burkina Faso,2014,"11,650,319",Completed,IVM + ALB,41,100.0%,"8,104,933","8,202,072",101.2%,70.4%
AFR,Burkina Faso,2015,"6,713,705",Completed,IVM + ALB,30,100.0%,"6,713,705","5,393,933",80.3%,80.3%
AFR,Burkina Faso,2016,"8,582,194",Completed,IVM + ALB,31,100.0%,"8,582,194","5,485,410",63.9%,63.9%
AFR,Burundi,2009,-,Completed,Not required MDA,-,-,-,-,-,-
AFR,Burundi,2010,-,-,Classified as non-endemic,-,-,-,-,-,-
AFR,Cabo Verde,2009,-,Completed,Not required MDA,-,-,-,-,-,-
AFR,Cabo Verde,2010,-,-,Classified as non-endemic,-,-,-,-,-,-
AFR,Cameroon,2008,"14,305,000",In progress,IVM + ALB,15,-,"1,507,545","1,165,251",77.3%,8.1%
AFR,Cameroon,2009,"14,305,000",In progress,IVM + ALB,9,-,"825,783","616,160",74.6%,4.3%
AFR,Cameroon,2010,"16,819,434",In progress,IVM + ALB,43,-,"5,264,142","3,676,469",69.8%,21.9%
AFR,Cameroon,2011,"16,673,025",In progress,IVM + ALB,125,-,"10,184,974","7,943,616",78.0%,47.6%
AFR,Cameroon,2012,"17,091,469",In progress,IVM + ALB,115,-,"10,379,029","8,385,808",80.8%,49.1%
AFR,Cameroon,2013,"17,091,469",In progress,IVM + ALB,131,-,"11,692,158","9,338,427",79.9%,54.6%
AFR,Cameroon,2014,"15,998,796",In progress,IVM + ALB,132,83.0%,"11,431,502","10,579,526",92.5%,66.1%
AFR,Cameroon,2015,"16,968,062",In progress,IVM + ALB,137,86.2%,"12,388,731","11,021,942",89.0%,65.0%
AFR,Cameroon,2016,"16,968,062",Completed,IVM + ALB,135,84.9%,"14,861,904","11,999,954",80.7%,70.7%
AFR,Central African Republic,2009,"3,300,000",In progress,Not started,-,-,-,-,-,-
AFR,Central African Republic,2010,"3,300,000",In progress,IVM + ALB,2,11.8%,"405,311","193,919",47.8%,5.9%
AFR,Central African Republic,2011,"3,300,000",In progress,No data,-,-,-,-,-,-
AFR,Central African Republic,2012,"3,300,000",In progress,IVM + ALB,4,23.5%,"556,846","432,450",77.7%,13.1%
AFR,Central African Republic,2013,"3,300,000",In progress,No MDA,-,-,-,-,-,-
AFR,Central African Republic,2014,"3,300,000",In progress,IVM + ALB,4,50.0%,"306,310","242,741",79.2%,7.4%
AFR,Central African Republic,2015,"3,300,000",In progress,No MDA,-,-,-,-,-,-
AFR,Central African Republic,2016,"3,300,000",In progress,IVM + ALB,4,50.0%,"1,056,617","517,336",49.0%,15.7%
AFR,Chad,2009,"7,270,000",Not started,Not started,-,-,-,-,-,-
AFR,Chad,2010,"7,270,000",Not started,Not started,-,-,-,-,-,-
AFR,Chad,2011,"7,270,000",Not started,Not started,-,-,-,-,-,-
AFR,Chad,2012,"7,270,000",In progress,Not started,-,-,-,-,-,-
AFR,Chad,2013,"7,270,000",In progress,Not started,-,-,-,-,-,-
AFR,Chad,2014,"7,270,000",In progress,Not started,-,-,-,-,-,-
AFR,Chad,2015,"3,181,835",Completed,Not started,-,-,-,-,-,-
AFR,Chad,2016,"3,181,835",Completed,IVM + ALB,13,59.1%,"2,217,581","1,636,687",73.8%,51.4%
AFR,Comoros,2001,"456,250",Completed,DEC + ALB,2,66.6%,"62,239","53,308",85.7%,11.7%
AFR,Comoros,2002,"456,250",Completed,DEC + ALB,2,66.6%,"431,300","245,224",56.9%,53.7%
AFR,Comoros,2003,"545,537",Completed,DEC + ALB,3,100.0%,"545,537","374,556",68.7%,68.7%
AFR,Comoros,2004,"545,537",Completed,DEC + ALB,3,100.0%,"511,395","397,314",77.7%,72.8%
AFR,Comoros,2005,"572,171",Completed,No MDA,-,-,-,-,-,-
AFR,Comoros,2006,"572,171",Completed,DEC + ALB,1,33.3%,"37,826","29,248",77.3%,5.1%
AFR,Comoros,2007,"514,110",Completed,DEC + ALB,2,66.6%,"476,284","345,973",72.6%,67.3%
AFR,Comoros,2008,"514,110",Completed,No MDA,-,-,-,-,-,-
AFR,Comoros,2009,"514,110",Completed,No MDA,-,-,-,-,-,-
AFR,Comoros,2010,"514,110",Completed,No MDA,-,-,-,-,-,-
AFR,Comoros,2011,"514,110",Completed,No MDA,-,-,-,-,-,-
AFR,Comoros,2012,"514,110",Completed,No MDA,-,-,-,-,-,-
AFR,Comoros,2013,"514,110",Completed,No MDA,-,-,-,-,-,-
AFR,Comoros,2014,"514,110",Completed,No MDA,-,-,-,-,-,-
AFR,Comoros,2015,"514,110",Completed,No MDA,-,-,-,-,-,-
AFR,Comoros,2016,"514,110",Completed,No data,-,-,-,-,-,-
AFR,Congo,2009,"2,600,000",Completed,Not started,-,-,-,-,-,-
AFR,Congo,2010,"2,600,000",Completed,Not started,-,-,-,-,-,-
AFR,Congo,2011,"2,600,000",Completed,Not started,-,-,-,-,-,-
AFR,Congo,2012,"2,600,000",Completed,Not started,-,-,-,-,-,-
AFR,Congo,2013,"2,600,000",In progress,IVM + ALB,5,-,"111,756","103,724",92.8%,4.0%
AFR,Congo,2014,"2,600,000",In progress,IVM + ALB,5,50.0%,"126,363","104,152",82.4%,4.0%
AFR,Congo,2015,"984,485",Completed,IVM + ALB,6,46.2%,"126,672","103,778",81.9%,10.5%
AFR,Congo,2016,"962,668",Completed,IVM + ALB,6,50.0%,"551,879","111,748",20.2%,11.6%
AFR,CâŒ te d'Ivoire,2009,"14,000,000",In progress,IVM + ALB,3,-,"1,159,593","914,720",78.9%,6.5%
AFR,CâŒ te d'Ivoire,2010,"14,000,000",In progress,IVM + ALB,13,-,"7,808,346","2,458,436",31.5%,17.6%
AFR,CâŒ te d'Ivoire,2011,"14,000,000",In progress,No MDA,-,-,-,-,-,-
AFR,CâŒ te d'Ivoire,2012,"14,000,000",In progress,No MDA,-,-,-,-,-,-
AFR,CâŒ te d'Ivoire,2013,"17,443,064",Completed,IVM + ALB,5,8.2%,"2,143,114","1,500,714",70.0%,8.6%
AFR,CâŒ te d'Ivoire,2014,"17,385,022",Completed,IVM + ALB,33,54.1%,"7,447,421","5,793,572",77.8%,33.3%
AFR,CâŒ te d'Ivoire,2015,"17,848,457",Completed,IVM + ALB,33,54.1%,"7,127,291","5,900,569",82.8%,33.1%
AFR,CâŒ te d'Ivoire,2016,"16,756,532",Completed,IVM + ALB,61,100.0%,"16,756,532","12,245,009",73.1%,73.1%
AFR,Democratic Republic of the Congo,2009,"49,140,000",In progress,Not started,-,-,-,-,-,-
AFR,Democratic Republic of the Congo,2010,"49,140,000",In progress,Not started,-,-,-,-,-,-
AFR,Democratic Republic of the Congo,2011,"49,140,000",In progress,Not started,-,-,-,-,-,-
AFR,Democratic Republic of the Congo,2012,"49,140,000",In progress,Not started,-,-,-,-,-,-
AFR,Democratic Republic of the Congo,2013,"49,140,000",In progress,Not started,-,-,-,-,-,-
AFR,Democratic Republic of the Congo,2014,"37,012,273",In progress,IVM + ALB,71,30.9%,"7,996,046","7,673,271",96.0%,20.7%
AFR,Democratic Republic of the Congo,2015,"37,012,273",In progress,IVM + ALB,84,36.5%,"14,483,749","11,288,740",77.9%,30.5%
AFR,Democratic Republic of the Congo,2016,"38,738,084",Completed,IVM + ALB,115,47.5%,"20,306,774","16,066,055",79.1%,41.5%
AFR,Equatorial Guinea,2009,"420,000",Completed,Not started,-,-,-,-,-,-
AFR,Equatorial Guinea,2010,"420,000",Completed,Not started,-,-,-,-,-,-
AFR,Equatorial Guinea,2011,"420,000",Completed,Not started,-,-,-,-,-,-
AFR,Equatorial Guinea,2012,"420,000",Completed,Not started,-,-,-,-,-,-
AFR,Equatorial Guinea,2013,"420,000",Completed,Not started,-,-,-,-,-,-
AFR,Equatorial Guinea,2014,"420,000",Completed,Not started,-,-,-,-,-,-
AFR,Equatorial Guinea,2015,"420,000",Completed,Not started,-,-,-,-,-,-
AFR,Equatorial Guinea,2016,"420,000",Completed,Not started,-,-,-,-,-,-
AFR,Eritrea,2009,"3,577,000",Not started,Not started,-,-,-,-,-,-
AFR,Eritrea,2010,"3,577,000",Not started,Not started,-,-,-,-,-,-
AFR,Eritrea,2011,"3,577,000",Not started,Not started,-,-,-,-,-,-
AFR,Eritrea,2012,"3,577,000",Not started,Not started,-,-,-,-,-,-
AFR,Eritrea,2013,"3,577,000",Not started,Not started,-,-,-,-,-,-
AFR,Eritrea,2014,"87,250",Completed,Not started,-,-,-,-,-,-
AFR,Eritrea,2015,"69,634",Completed,Not started,-,-,-,-,-,-
AFR,Eritrea,2016,"69,634",Completed,DEC + ALB,1,50.0%,"43,957","21,363",48.6%,30.7%
AFR,Ethiopia,2009,"30,000,000",In progress,IVM + ALB,5,-,"99,037","77,442",78.2%,0.3%
AFR,Ethiopia,2010,"30,000,000",In progress,IVM + ALB,5,-,"101,013","73,435",72.7%,0.2%
AFR,Ethiopia,2011,"30,000,000",In progress,IVM + ALB,5,-,"103,896","84,929",81.7%,0.3%
AFR,Ethiopia,2012,"30,000,000",In progress,IVM + ALB,21,-,"1,255,760","987,414",78.6%,3.3%
AFR,Ethiopia,2013,"30,000,000",In progress,IVM + ALB,33,-,"1,917,036","1,422,298",74.2%,4.7%
AFR,Ethiopia,2014,"10,994,709",Completed,IVM + ALB,33,29.2%,"1,697,049","1,475,387",86.9%,13.4%
AFR,Ethiopia,2015,"11,113,047",Completed,IVM + ALB,57,50.4%,"3,732,694","3,287,346",88.1%,29.6%
AFR,Ethiopia,2016,"5,752,504",Completed,IVM + ALB,47,67.1%,"3,415,849","2,597,923",76.1%,45.2%
AFR,Gabon,2009,"1,290,600",Completed,Not started,-,-,-,-,-,-
AFR,Gabon,2010,"1,290,600",Completed,Not started,-,-,-,-,-,-
AFR,Gabon,2011,"1,290,600",Completed,Not started,-,-,-,-,-,-
AFR,Gabon,2012,"1,290,600",Completed,Not started,-,-,-,-,-,-
AFR,Gabon,2013,"1,290,600",Completed,Not started,-,-,-,-,-,-
AFR,Gabon,2014,"1,290,600",Completed,Not started,-,-,-,-,-,-
AFR,Gabon,2015,"1,290,600",Completed,Not started,-,-,-,-,-,-
AFR,Gabon,2016,"346,189",Completed,Not started,-,-,-,-,-,-
AFR,Gambia,2009,"1,200,000",Completed,Not started,-,-,-,-,-,-
AFR,Gambia,2010,"1,200,000",Completed,Not started,-,-,-,-,-,-
AFR,Gambia,2011,"1,200,000",Completed,Not started,-,-,-,-,-,-
AFR,Gambia,2012,"1,200,000",Completed,Not started,-,-,-,-,-,-
AFR,Gambia,2013,"1,200,000",Completed,Not started,-,-,-,-,-,-
AFR,Gambia,2014,"1,200,000",Completed,Not started,-,-,-,-,-,-
AFR,Gambia,2015,-,-,Classified as non-endemic,-,-,-,-,-,-
AFR,Ghana,2000,"4,000,000",Completed,IVM + ALB,-,-,"480,000","114,947",23.9%,2.9%
AFR,Ghana,2001,"6,015,806",Completed,IVM + ALB,4,8.2%,"574,834","393,677",68.5%,6.5%
AFR,Ghana,2002,"6,015,806",Completed,IVM + ALB,15,24.6%,"1,650,000","1,223,122",74.1%,20.3%
AFR,Ghana,2003,"6,000,000",Completed,IVM + ALB,30,49.2%,"3,777,488","2,681,404",71.0%,44.7%
AFR,Ghana,2004,"10,205,132",Completed,IVM + ALB,39,64.0%,"5,378,143","3,971,869",73.9%,38.9%
AFR,Ghana,2005,"10,205,132",Completed,IVM + ALB,60,98.4%,"6,900,365","5,135,002",74.4%,50.3%
AFR,Ghana,2006,"10,510,647",Completed,IVM + ALB,61,100.0%,"8,511,783","6,032,545",70.9%,57.4%
AFR,Ghana,2007,"10,510,647",Completed,IVM + ALB,61,100.0%,"9,278,935","5,932,174",63.9%,56.4%
AFR,Ghana,2008,"11,378,229",Completed,IVM + ALB,61,100.0%,"10,232,775","7,228,639",70.6%,63.5%
AFR,Ghana,2009,"11,587,953",Completed,IVM + ALB,74,100.0%,"9,627,213","7,204,038",74.8%,62.2%
AFR,Ghana,2010,"11,925,399",Completed,IVM + ALB,69,93.2%,"9,966,010","7,491,873",75.2%,62.8%
AFR,Ghana,2011,"12,150,323",Completed,IVM + ALB,70,94.6%,"10,518,427","7,761,897",73.8%,63.9%
AFR,Ghana,2012,"11,925,399",Completed,IVM + ALB,70,94.6%,"10,390,136","7,649,497",73.6%,64.1%
AFR,Ghana,2013,"10,237,354",Completed,IVM + ALB,91,100.0%,"10,237,354","7,859,416",76.8%,76.8%
AFR,Ghana,2014,"12,602,196",Completed,IVM + ALB,93,100.0%,"10,081,748","8,126,475",80.6%,64.5%
AFR,Ghana,2015,"2,426,930",Completed,IVM + ALB,29,100.0%,"2,426,930","1,754,833",72.3%,72.3%
AFR,Ghana,2016,"1,790,480",Completed,IVM + ALB,22,100.0%,"1,790,480","1,319,165",73.7%,73.7%
AFR,Guinea,2009,"6,067,135",Completed,Not started,-,-,-,-,-,-
AFR,Guinea,2010,"6,067,135",Completed,Not started,-,-,-,-,-,-
AFR,Guinea,2011,"6,067,135",Completed,Not started,-,-,-,-,-,-
AFR,Guinea,2012,"6,067,135",Completed,Not started,-,-,-,-,-,-
AFR,Guinea,2013,"6,067,135",Completed,Not started,-,-,-,-,-,-
AFR,Guinea,2014,"6,067,135",Completed,IVM + ALB,4,16.7%,"1,145,792","956,726",83.5%,15.8%
AFR,Guinea,2015,"7,161,619",Completed,IVM + ALB,9,37.5%,"1,811,810","1,475,362",81.4%,20.6%
AFR,Guinea,2016,"7,161,619",Completed,IVM + ALB,24,100.0%,"7,161,619","5,635,966",78.7%,78.7%
AFR,Guinea-Bissau,2009,"1,311,741",Completed,Not started,-,-,-,-,-,-
AFR,Guinea-Bissau,2010,"1,311,741",Completed,Not started,-,-,-,-,-,-
AFR,Guinea-Bissau,2011,"1,582,496",Completed,IVM + ALB,33,28.4%,"357,933","264,712",74.0%,16.7%
AFR,Guinea-Bissau,2012,"1,582,496",Completed,No data,-,-,-,-,-,-
AFR,Guinea-Bissau,2013,"1,668,680",Completed,IVM + ALB,33,28.4%,"380,998","264,358",69.4%,15.8%
AFR,Guinea-Bissau,2014,"1,668,680",Completed,IVM + ALB,33,28.4%,"399,237","294,761",73.8%,17.7%
AFR,Guinea-Bissau,2015,"1,565,479",Completed,IVM + ALB,15,13.8%,"149,624","116,137",77.6%,7.4%
AFR,Guinea-Bissau,2016,"1,565,479",Completed,No data,-,-,-,-,-,-
AFR,Kenya,2002,"2,987,266",In progress,DEC + ALB,1,14.3%,"592,273","480,900",81.2%,16.1%
AFR,Kenya,2003,"2,987,266",In progress,DEC + ALB,3,42.9%,"1,450,991","1,153,468",79.5%,38.6%
AFR,Kenya,2004,"2,987,266",In progress,No MDA,-,-,-,-,-,-
AFR,Kenya,2005,"2,987,266",Completed,DEC + ALB,3,42.9%,"1,677,824","1,213,229",72.3%,40.6%
AFR,Kenya,2006,"2,987,266",Completed,No MDA,-,-,-,-,-,-
AFR,Kenya,2007,"3,031,878",Completed,No MDA,-,-,-,-,-,-
AFR,Kenya,2008,"3,031,878",Completed,DEC + ALB,3,42.9%,"1,742,549","1,092,068",62.7%,36.0%
AFR,Kenya,2009,"3,031,878",Completed,No MDA,-,-,-,-,-,-
AFR,Kenya,2010,"3,031,878",Completed,No MDA,-,-,-,-,-,-
AFR,Kenya,2011,"3,421,741",Completed,DEC + ALB,9,75.0%,"2,162,217","1,259,903",58.3%,36.8%
AFR,Kenya,2012,"3,421,741",Completed,No MDA,-,-,-,-,-,-
AFR,Kenya,2013,"3,421,741",Completed,No MDA,-,-,-,-,-,-
AFR,Kenya,2014,"3,603,390",Completed,No MDA,-,-,-,-,-,-
AFR,Kenya,2015,"3,918,406",Completed,DEC + ALB,7,58.3%,"1,800,007","977,783",54.3%,25.0%
AFR,Kenya,2016,"3,678,724",Completed,DEC + ALB,23,100.0%,"3,678,724","2,209,274",60.1%,60.1%
AFR,Liberia,2009,"3,600,000",In progress,Not started,-,-,-,-,-,-
AFR,Liberia,2010,"3,600,000",In progress,Not started,-,-,-,-,-,-
AFR,Liberia,2011,"3,600,000",In progress,Not started,-,-,-,-,-,-
AFR,Liberia,2012,"3,600,000",In progress,IVM + ALB,13,100.0%,"2,735,168","2,217,320",81.1%,61.6%
AFR,Liberia,2013,"2,938,370",Completed,IVM + ALB,13,100.0%,"2,438,849","2,445,275",100.3%,83.2%
AFR,Liberia,2014,"2,938,370",Completed,No MDA,-,-,-,-,-,-
AFR,Liberia,2015,"2,787,902",Completed,IVM + ALB,10,76.9%,"1,701,292","1,696,195",99.7%,60.8%
AFR,Liberia,2016,"2,713,821",Completed,IVM + ALB,13,100.0%,"2,713,821","2,005,547",73.9%,73.9%
AFR,Madagascar,2005,"15,821,728",Completed,DEC + ALB,3,0.4%,"719,642","585,550",81.4%,3.7%
AFR,Madagascar,2006,"15,821,728",Completed,DEC + ALB,13,13.3%,"2,759,574","2,130,005",77.2%,13.5%
AFR,Madagascar,2007,"15,821,728",Completed,DEC + ALB,17,17.3%,"3,654,173","2,906,529",79.5%,18.4%
AFR,Madagascar,2008,"17,389,792",Completed,DEC + ALB,30,30.6%,"6,487,033","4,891,862",75.4%,28.1%
AFR,Madagascar,2009,"17,948,748",Completed,DEC + ALB,30,30.6%,"6,760,952","5,046,639",74.6%,28.1%
AFR,Madagascar,2010,"18,602,379",Completed,DEC + ALB,49,49.0%,"10,355,365","6,868,762",66.3%,36.9%
AFR,Madagascar,2011,"18,602,379",Completed,No data,-,-,-,-,-,-
AFR,Madagascar,2012,"18,602,379",Completed,DEC + ALB,7,7.1%,"1,356,601","907,295",66.9%,4.9%
AFR,Madagascar,2013,"17,784,306",Completed,DEC + ALB,62,63.3%,"11,886,858","7,892,186",66.4%,44.4%
AFR,Madagascar,2014,"18,349,339",Completed,DEC + ALB,61,62.2%,"11,964,434","8,784,209",73.4%,47.9%
AFR,Madagascar,2015,"18,813,918",Completed,DEC + ALB,61,61.6%,"12,417,330","8,800,912",70.9%,46.8%
AFR,Madagascar,2016,"18,863,123",Completed,DEC + ALB,61,62.2%,"12,432,961","8,299,638",66.8%,44.0%
AFR,Malawi,2008,"12,887,248",Completed,IVM + ALB,9,33.3%,"3,358,816","2,704,323",80.5%,21.0%
AFR,Malawi,2009,"12,887,248",Completed,IVM + ALB,26,100.0%,"13,053,083","10,805,518",82.8%,83.8%
AFR,Malawi,2010,"13,065,294",Completed,IVM + ALB,27,100.0%,"13,065,294","10,797,082",82.6%,82.6%
AFR,Malawi,2011,"14,104,061",Completed,IVM + ALB,26,100.0%,"14,104,061","11,258,343",79.8%,79.8%
AFR,Malawi,2012,"14,807,685",Completed,IVM + ALB,26,100.0%,"14,807,685","11,877,822",80.2%,80.2%
AFR,Malawi,2013,"14,989,401",Completed,IVM + ALB,26,100.0%,"14,989,401","12,443,745",83.0%,83.0%
AFR,Malawi,2014,-,-,Surveillance,-,-,-,-,-,-
AFR,Malawi,2015,-,-,Surveillance,-,-,-,-,-,-
AFR,Malawi,2016,-,-,Surveillance,-,-,-,-,-,-
AFR,Mali,2005,"11,408,323",Completed,IVM + ALB,3,5.1%,"573,461","476,836",83.2%,4.2%
AFR,Mali,2006,"12,299,691",Completed,IVM + ALB,15,25.4%,"2,960,426","2,316,180",78.2%,18.8%
AFR,Mali,2007,"12,990,930",Completed,IVM + ALB,24,40.7%,"5,627,709","4,527,977",80.5%,34.9%
AFR,Mali,2008,"13,332,921",Completed,IVM + ALB,30,50.8%,"8,221,268","5,066,874",61.6%,38.0%
AFR,Mali,2009,"13,798,000",Completed,IVM + ALB,59,100.0%,"11,436,622","9,730,857",85.1%,70.5%
AFR,Mali,2010,"15,039,794",Completed,IVM + ALB,59,100.0%,"11,848,053","10,046,835",84.8%,66.8%
AFR,Mali,2011,"16,166,882",Completed,IVM + ALB,60,100.0%,"14,940,147","11,926,872",79.8%,73.8%
AFR,Mali,2012,"16,166,882",Completed,IVM + ALB,42,70.0%,"12,855,229","10,373,698",80.7%,64.2%
AFR,Mali,2013,"17,309,000",Completed,IVM + ALB,45,100.0%,"14,877,567","12,207,072",82.1%,70.5%
AFR,Mali,2014,"17,092,155",Completed,IVM + ALB,13,21.3%,"1,541,568","1,445,937",93.8%,8.5%
AFR,Mali,2015,"15,923,224",Completed,IVM + ALB,53,96.4%,"11,535,870","9,713,502",84.2%,61.0%
AFR,Mali,2016,"18,343,000",Completed,IVM + ALB,59,90.8%,"16,756,785","12,693,257",75.7%,69.2%
AFR,Mauritius,2009,-,Completed,Not required MDA,-,-,-,-,-,-
AFR,Mauritius,2010,-,-,Classified as non-endemic,-,-,-,-,-,-
AFR,Mozambique,2009,"15,538,610",Completed,IVM + ALB,18,16.8%,"2,240,497","1,607,688",71.8%,10.3%
AFR,Mozambique,2010,"17,118,460",Completed,IVM + ALB,37,35.9%,"5,029,795","3,739,881",74.4%,21.8%
AFR,Mozambique,2011,"17,114,949",Completed,IVM + ALB,65,63.1%,"10,449,220","8,496,428",81.3%,49.6%
AFR,Mozambique,2012,"17,114,949",Completed,No MDA,-,-,-,-,-,-
AFR,Mozambique,2013,"17,726,780",Completed,IVM + ALB,94,90.4%,"13,493,469","11,467,739",85.0%,64.7%
AFR,Mozambique,2014,"18,218,250",Completed,IVM + ALB,104,100.0%,"14,392,416","13,976,842",97.1%,76.7%
AFR,Mozambique,2015,"18,218,250",Completed,No MDA,-,-,-,-,-,-
AFR,Mozambique,2016,"20,180,229",Completed,IVM + ALB,113,100.0%,"20,180,229","14,915,255",73.9%,73.9%
AFR,Niger,2007,"10,555,253",Completed,IVM + ALB,9,34.6%,"3,079,217","2,223,903",72.2%,21.1%
AFR,Niger,2008,"10,355,501",Completed,IVM + ALB,18,64.3%,"6,554,967","3,849,412",58.7%,37.2%
AFR,Niger,2009,"11,465,194",Completed,IVM + ALB,22,78.6%,"8,993,334","6,523,176",72.5%,56.9%
AFR,Niger,2010,"11,465,194",Completed,IVM + ALB,29,100.0%,"10,727,330","7,802,679",72.7%,68.1%
AFR,Niger,2011,"11,605,401",Completed,IVM + ALB,30,100.0%,"11,605,400","7,394,521",63.7%,63.7%
AFR,Niger,2012,"12,467,592",Completed,IVM + ALB,30,100.0%,"12,467,592","8,926,672",71.6%,71.6%
AFR,Niger,2013,"12,604,890",Completed,IVM + ALB,30,100.0%,"11,847,215","8,189,778",69.1%,65.0%
AFR,Niger,2014,"10,236,777",Completed,IVM + ALB,28,100.0%,"8,189,428","7,165,277",87.5%,70.0%
AFR,Niger,2015,"10,886,864",Completed,IVM + ALB,23,92.0%,"7,753,729","7,055,384",91.0%,64.8%
AFR,Niger,2016,"10,886,864",Completed,No data,-,-,-,-,-,-
AFR,Nigeria,2000,"80,000,000",In progress,IVM + ALB,4,-,"414,238","159,698",38.6%,0.2%
AFR,Nigeria,2001,"80,000,000",In progress,IVM + ALB,13,-,"2,090,219","675,701",32.3%,0.8%
AFR,Nigeria,2002,"80,000,000",In progress,IVM + ALB,26,-,"4,036,088","2,168,355",53.7%,2.7%
AFR,Nigeria,2003,"80,000,000",In progress,IVM + ALB,30,-,"4,331,401","3,112,889",71.9%,3.9%
AFR,Nigeria,2004,"80,000,000",In progress,IVM + ALB,30,-,"4,196,224","3,236,206",77.1%,4.0%
AFR,Nigeria,2005,"80,000,000",In progress,IVM + ALB,30,-,"5,300,000","3,400,000",64.2%,4.3%
AFR,Nigeria,2006,"80,000,000",In progress,IVM + ALB,30,-,"4,498,594","3,344,896",74.4%,4.2%
AFR,Nigeria,2007,"80,000,000",In progress,IVM + ALB,30,-,"4,566,074","3,414,800",74.8%,4.3%
AFR,Nigeria,2008,"63,306,769",In progress,IVM + ALB,36,-,"5,295,703","3,884,644",73.4%,6.1%
AFR,Nigeria,2009,"70,650,902",In progress,IVM + ALB,50,-,"8,293,770","4,754,864",57.3%,6.7%
AFR,Nigeria,2010,"88,966,825",In progress,IVM + ALB,103,-,"21,432,345","10,489,790",48.9%,11.8%
AFR,Nigeria,2011,"106,124,877",In progress,IVM + ALB,185,-,"34,438,513","19,887,248",57.7%,18.7%
AFR,Nigeria,2012,"108,526,381",In progress,IVM + ALB,154,-,"29,882,608","15,815,548",52.9%,14.6%
AFR,Nigeria,2013,"114,286,356",In progress,IVM + ALB,181,-,"30,612,903","22,538,959",73.6%,19.7%
AFR,Nigeria,2014,"119,839,648",In progress,IVM + ALB,354,64.7%,"56,438,928","42,725,649",75.7%,35.7%
AFR,Nigeria,2015,"120,103,208",In progress,IVM + ALB,428,78.5%,"74,381,366","59,765,252",80.3%,49.8%
AFR,Nigeria,2016,"123,312,522",In progress,IVM + ALB,443,85.9%,"98,937,995","66,581,876",67.3%,54.0%
AFR,Rwanda,2009,-,Completed,Not required MDA,-,-,-,-,-,-
AFR,Rwanda,2010,-,-,Classified as non-endemic,-,-,-,-,-,-
AFR,Sao Tome and Principe,2009,"410,000",Completed,Not started,-,-,-,-,-,-
AFR,Sao Tome and Principe,2010,"410,000",Completed,Not started,-,-,-,-,-,-
AFR,Sao Tome and Principe,2011,"410,000",Completed,Not started,-,-,-,-,-,-
AFR,Sao Tome and Principe,2012,"410,000",Completed,Not started,-,-,-,-,-,-
AFR,Sao Tome and Principe,2013,"410,000",Completed,Not started,-,-,-,-,-,-
AFR,Sao Tome and Principe,2014,"194,850",Completed,Not started,-,-,-,-,-,-
AFR,Sao Tome and Principe,2015,"188,134",Completed,Not started,-,-,-,-,-,-
AFR,Sao Tome and Principe,2016,"188,134",Completed,Not started,-,-,-,-,-,-
AFR,Senegal,2007,"4,248,592",In progress,IVM + ALB,7,23.3%,"600,404","472,405",78.7%,11.1%
AFR,Senegal,2008,"5,314,600",Completed,IVM + ALB,7,21.2%,"594,346","447,593",75.3%,8.4%
AFR,Senegal,2009,"5,314,600",Completed,IVM + ALB,7,21.2%,"617,065","412,461",66.8%,7.8%
AFR,Senegal,2010,"5,314,600",Completed,No data,-,-,-,-,-,-
AFR,Senegal,2011,"5,314,600",Completed,No data,-,-,-,-,-,-
AFR,Senegal,2012,"5,314,600",Completed,No data,-,-,-,-,-,-
AFR,Senegal,2013,"8,114,652",Completed,IVM + ALB,13,26.0%,"1,486,044","732,268",49.3%,9.0%
AFR,Senegal,2014,"8,351,297",Completed,IVM + ALB,6,12.0%,"944,057","662,895",70.2%,7.9%
AFR,Senegal,2015,"8,258,869",Completed,IVM + ALB,50,100.0%,"8,258,869","4,627,752",56.0%,56.0%
AFR,Senegal,2016,"8,533,698",Completed,IVM + ALB,50,100.0%,"8,533,698","6,089,986",71.4%,71.4%
AFR,Seychelles,2009,-,Completed,Not required MDA,-,-,-,-,-,-
AFR,Seychelles,2010,-,-,Classified as non-endemic,-,-,-,-,-,-
AFR,Sierra Leone,2007,"4,967,802",Completed,IVM + ALB,6,42.9%,"1,919,582","1,177,214",61.3%,23.7%
AFR,Sierra Leone,2008,"5,319,758",Completed,IVM + ALB,13,92.9%,"4,536,613","3,179,107",70.1%,59.8%
AFR,Sierra Leone,2009,"5,319,758",Completed,IVM + ALB,12,85.7%,"4,694,711","3,476,726",74.1%,65.4%
AFR,Sierra Leone,2010,"6,127,337",Completed,IVM + ALB,14,100.0%,"6,127,337","4,760,021",77.7%,77.7%
AFR,Sierra Leone,2011,"6,312,745",Completed,IVM + ALB,14,100.0%,"6,312,745","5,074,218",80.4%,80.4%
AFR,Sierra Leone,2012,"6,667,687",Completed,IVM + ALB,14,100.0%,"6,667,687","5,296,185",79.4%,79.4%
AFR,Sierra Leone,2013,"6,820,160",Completed,IVM + ALB,14,100.0%,"6,820,160","5,494,161",80.6%,80.6%
AFR,Sierra Leone,2014,"6,820,160",Completed,No MDA,-,-,-,-,-,-
AFR,Sierra Leone,2015,"6,976,957",Completed,IVM + ALB,14,100.0%,"6,976,957","5,398,483",77.4%,77.4%
AFR,Sierra Leone,2016,"7,138,404",Completed,IVM + ALB,14,100.0%,"7,138,404","5,592,547",78.3%,78.3%
AFR,South Sudan,2013,"1,659,558",In progress,Not started,-,-,-,-,-,-
AFR,South Sudan,2014,"1,659,558",In progress,Not started,-,-,-,-,-,-
AFR,South Sudan,2015,"1,659,558",In progress,Not started,-,-,-,-,-,-
EMR,South Sudan,2016,"1,659,558",In progress,Not started,-,-,-,-,-,-
AFR,Togo,2000,"1,600,000",Completed,IVM + ALB,1,14.3%,"77,000","51,722",67.2%,3.2%
AFR,Togo,2001,"1,100,816",Completed,IVM + ALB,3,42.9%,"458,337","342,398",74.7%,31.1%
AFR,Togo,2002,"1,123,757",Completed,IVM + ALB,6,85.7%,"709,455","556,974",78.5%,49.6%
AFR,Togo,2003,"1,060,569",Completed,IVM + ALB,7,100.0%,"1,060,569","855,132",80.6%,80.6%
AFR,Togo,2004,"1,063,185",Completed,IVM + ALB,7,100.0%,"1,064,633","889,393",83.5%,83.7%
AFR,Togo,2005,"1,064,633",Completed,IVM + ALB,7,100.0%,"1,093,470","926,769",84.8%,87.1%
AFR,Togo,2006,"1,118,424",Completed,IVM + ALB,7,100.0%,"1,118,424","954,216",85.3%,85.3%
AFR,Togo,2007,"1,173,631",Completed,IVM + ALB,7,100.0%,"1,129,341","966,532",85.6%,82.4%
AFR,Togo,2008,"1,205,317",Completed,IVM + ALB,7,100.0%,"1,098,333","936,848",85.3%,77.7%
AFR,Togo,2009,"1,191,720",Completed,IVM + ALB,2,100.0%,"399,230","329,660",82.6%,27.7%
AFR,Togo,2010,-,-,Surveillance,-,-,-,-,-,-
AFR,Togo,2011,-,-,Surveillance,-,-,-,-,-,-
AFR,Togo,2012,-,-,Surveillance,-,-,-,-,-,-
AFR,Togo,2013,-,-,Surveillance,-,-,-,-,-,-
AFR,Togo,2014,-,-,Surveillance,-,-,-,-,-,-
AFR,Togo,2015,-,-,Surveillance,-,-,-,-,-,-
AFR,Togo,2016,-,-,Eliminated as a public health problem,-,-,-,-,-,-
AFR,Uganda,2002,"12,429,409",Completed,IVM + ALB,2,6.5%,"965,323","733,375",76.0%,5.9%
AFR,Uganda,2003,"12,429,409",Completed,No MDA,-,-,-,-,-,-
AFR,Uganda,2004,"12,429,409",Completed,IVM + ALB,5,16.1%,"2,167,699","1,158,772",53.5%,9.3%
AFR,Uganda,2005,"12,429,409",Completed,IVM + ALB,10,32.6%,"4,914,819","3,483,384",70.9%,28.0%
AFR,Uganda,2006,"12,429,409",Completed,No MDA,-,-,-,-,-,-
AFR,Uganda,2007,"12,839,562",Completed,IVM + ALB,25,80.6%,"6,892,302","4,923,440",71.4%,38.3%
AFR,Uganda,2008,"13,264,445",Completed,IVM + ALB,34,81.0%,"10,330,061","6,450,542",62.4%,48.6%
AFR,Uganda,2009,"13,264,445",Completed,No MDA,-,-,-,-,-,-
AFR,Uganda,2010,"14,704,200",Completed,IVM + ALB,38,98.7%,"12,679,778","9,183,256",72.4%,62.5%
AFR,Uganda,2011,"14,203,400",Completed,IVM + ALB,53,98.1%,"13,744,409","8,766,071",63.8%,61.7%
AFR,Uganda,2012,"14,464,244",Completed,IVM + ALB,36,66.7%,"9,034,672","6,052,350",67.0%,41.8%
AFR,Uganda,2013,"14,875,650",Completed,IVM + ALB,45,83.3%,"11,277,331","7,532,845",66.8%,50.6%
AFR,Uganda,2014,"13,976,113",Completed,IVM + ALB,48,88.9%,"11,184,941","7,633,180",68.2%,54.6%
AFR,Uganda,2015,"10,719,606",Completed,IVM + ALB,36,97.3%,"8,663,975","7,753,388",89.5%,72.3%
AFR,Uganda,2016,"6,909,507",Completed,IVM + ALB,21,100.0%,"6,909,507","4,991,601",72.2%,72.2%
AFR,United Republic of Tanzania,2000,"11,000,000",In progress,IVM + ALB,-,-,"37,240","37,240",100.0%,0.3%
AFR,United Republic of Tanzania,2001,"34,000,000",In progress,IVM + ALB,15,13.0%,"1,616,633","955,403",59.1%,2.8%
AFR,United Republic of Tanzania,2002,"34,000,000",In progress,IVM + ALB,19,16.5%,"3,002,302","2,078,204",69.2%,6.1%
AFR,United Republic of Tanzania,2003,"34,000,000",In progress,IVM + ALB,24,20.9%,"3,863,265","2,335,561",60.5%,6.9%
AFR,United Republic of Tanzania,2004,"34,000,000",In progress,IVM + ALB,29,25.2%,"6,469,772","4,225,469",65.3%,12.4%
AFR,United Republic of Tanzania,2005,"34,126,624",Completed,IVM + ALB,10,8.7%,"1,161,629","928,339",79.9%,2.7%
AFR,United Republic of Tanzania,2006,"38,531,568",Completed,IVM + ALB,38,33.0%,"8,428,637","6,067,789",72.0%,15.7%
AFR,United Republic of Tanzania,2007,"37,369,939",Completed,IVM + ALB,30,26.1%,"9,328,646","6,393,215",68.5%,17.1%
AFR,United Republic of Tanzania,2008,"40,420,017",Completed,IVM + ALB,20,17.4%,"4,386,488","3,140,683",71.6%,7.8%
AFR,United Republic of Tanzania,2009,"37,369,939",Completed,IVM + ALB,23,20.0%,"6,002,837","4,396,112",73.2%,11.8%
AFR,United Republic of Tanzania,2010,"37,369,939",Completed,IVM + ALB,22,19.1%,"6,094,422","4,465,654",73.3%,11.9%
AFR,United Republic of Tanzania,2011,"43,956,328",Completed,IVM + ALB,69,52.3%,"14,320,470","10,912,153",76.2%,24.8%
AFR,United Republic of Tanzania,2012,"45,173,251",Completed,IVM + ALB,80,61.1%,"21,799,341","14,338,713",65.8%,31.7%
AFR,United Republic of Tanzania,2013,"39,900,484",Completed,IVM + ALB,102,67.5%,"22,188,391","17,114,802",77.1%,42.9%
AFR,United Republic of Tanzania,2014,"26,530,192",Completed,IVM + ALB,97,100.0%,"19,667,986","20,648,354",105.0%,77.8%
AFR,United Republic of Tanzania (Zanzibar),2014,"1,222,100",Completed,DEC + ALB,10,100.0%,"1,222,100","1,015,564",83.1%,83.1%
AFR,United Republic of Tanzania,2015,"26,962,041",Completed,IVM + ALB,96,100.0%,"26,962,041","19,715,866",73.1%,73.1%
AFR,United Republic of Tanzania,2016,"14,738,142",Completed,IVM + ALB,47,100.0%,"14,738,142","12,853,282",87.2%,87.2%
AFR,United Republic of Tanzania (Zanzibar),2016,"1,679,687",Completed,DEC + ALB,10,100.0%,"1,679,687","1,187,350",70.7%,70.7%
AFR,Zambia,2009,"8,780,000",In progress,Not started,-,-,-,-,-,-
AFR,Zambia,2010,"8,780,000",In progress,Not started,-,-,-,-,-,-
AFR,Zambia,2011,"8,780,000",In progress,Not started,-,-,-,-,-,-
AFR,Zambia,2012,"8,780,000",In progress,Not started,-,-,-,-,-,-
AFR,Zambia,2013,"8,780,000",In progress,DEC+ALB,7,-,"832,635","692,310",83.1%,7.9%
AFR,Zambia,2014,"8,780,000",In progress,No MDA,-,-,-,-,-,-
AFR,Zambia,2015,"11,636,753",Completed,DEC + ALB,83,97.7%,"11,636,765","10,737,905",92.3%,92.3%
AFR,Zambia,2016,"11,298,337",Completed,DEC + ALB,85,100.0%,"11,298,337","10,404,448",92.1%,92.1%
AFR,Zimbabwe,2009,"6,000,000",In progress,Not started,-,-,-,-,-,-
AFR,Zimbabwe,2010,"6,000,000",In progress,Not started,-,-,-,-,-,-
AFR,Zimbabwe,2011,"6,000,000",In progress,Not started,-,-,-,-,-,-
AFR,Zimbabwe,2012,"6,000,000",In progress,Not started,-,-,-,-,-,-
AFR,Zimbabwe,2013,"6,000,000",In progress,Not started,-,-,-,-,-,-
AFR,Zimbabwe,2014,"6,000,000",In progress,Not started,-,-,-,-,-,-
AFR,Zimbabwe,2015,"7,466,576",Completed,Not started,-,-,-,-,-,-
AFR,Zimbabwe,2016,"7,677,570",Completed,DEC + ALB,39,100.0%,"7,677,570","6,037,700",78.6%,78.6%
AMR,Brazil,2004,"1,500,000",In progress,DEC alone,-,-,"47,302","39,262",83.0%,2.6%
AMR,Brazil,2005,"1,500,000",In progress,DEC alone,2,50.0%,"1,902,546","55,804",2.9%,3.7%
AMR,Brazil,2006,"1,500,000",In progress,DEC alone,4,100.0%,"121,920","82,594",67.7%,5.5%
AMR,Brazil,2007,"1,700,000",In progress,DEC alone,3,66.7%,"177,323","112,706",63.6%,6.6%
AMR,Brazil,2008,"2,886,734",In progress,DEC alone,2,50.0%,"315,092","191,746",60.9%,6.6%
AMR,Brazil,2009,"1,779,595",Completed,DEC alone,2,50.0%,"261,956","176,276",67.3%,9.9%
AMR,Brazil,2010,"1,700,000",Completed,DEC alone,3,66.7%,"201,385","154,056",76.5%,9.1%
AMR,Brazil,2011,"1,700,000",Completed,DEC alone,2,50.0%,"379,056","151,661",40.0%,8.9%
AMR,Brazil,2012,"1,700,000",Completed,DEC alone,3,66.7%,"297,038","171,360",57.7%,10.1%
AMR,Brazil,2013,"311,451",Completed,DEC alone,2,50.0%,"161,633","85,709",53.0%,27.5%
AMR,Brazil,2014,"76,199",Completed,DEC alone,2,100.0%,"41,485","34,737",83.7%,45.6%
AMR,Brazil,2015,"43,186",Completed,DEC alone,2,100.0%,"43,186","25,766",59.7%,59.7%
AMR,Brazil,2016,"13,902",Completed,DEC alone,1,100.0%,"13,902","9,492",68.3%,68.3%
AMR,Costa Rica,2009,-,Completed,Not required MDA,-,-,-,-,-,-
AMR,Costa Rica,2010,-,-,Classified as non-endemic,-,-,-,-,-,-
AMR,Dominican Republic,2002,"740,000",In progress,DEC + ALB,13,86.7%,"141,762","117,791",83.1%,15.9%
AMR,Dominican Republic,2003,"740,000",In progress,DEC + ALB,-,-,"332,778","250,049",75.1%,33.8%
AMR,Dominican Republic,2004,"740,000",In progress,DEC + ALB,10,66.6%,"470,634","398,418",84.7%,53.8%
AMR,Dominican Republic,2005,"740,000",In progress,DEC + ALB,1,6.7%,"42,946","44,761",104.2%,6.0%
AMR,Dominican Republic,2006,"249,803",In progress,DEC + ALB,13,86.7%,"206,516","186,490",90.3%,74.7%
AMR,Dominican Republic,2007,"107,485",In progress,DEC + ALB,-,-,"107,485","99,962",93.0%,93.0%
AMR,Dominican Republic,2008,"249,803",In progress,No MDA,-,-,-,-,-,-
AMR,Dominican Republic,2009,"249,803",In progress,No MDA,-,-,-,-,-,-
AMR,Dominican Republic,2010,"249,803",In progress,No MDA,-,-,-,-,-,-
AMR,Dominican Republic,2011,"249,803",Completed,No MDA,-,-,-,-,-,-
AMR,Dominican Republic,2012,"249,803",Completed,No MDA,-,-,-,-,-,-
AMR,Dominican Republic,2013,"217,756",Completed,No MDA,-,-,-,-,-,-
AMR,Dominican Republic,2014,"63,798",Completed,DEC + ALB,5,100.0%,"63,798","52,854",82.8%,82.8%
AMR,Dominican Republic,2015,"63,798",Completed,No MDA,-,-,-,-,-,-
AMR,Dominican Republic,2016,"71,586",Completed,DEC + ALB,5,100.0%,"71,586","55,733",77.9%,77.9%
AMR,Guyana,2003,"630,000",Completed,DS,-,-,"709,506","426,000",60.0%,67.6%
AMR,Guyana,2004,"630,000",Completed,No data,-,-,-,-,-,-
AMR,Guyana,2005,"630,000",Completed,DS,-,-,"633,616","398,105",62.8%,63.2%
AMR,Guyana,2006,"630,000",Completed,No data,-,-,-,-,-,-
AMR,Guyana,2007,"630,000",Completed,No data,-,-,-,-,-,-
AMR,Guyana,2008,"630,000",Completed,No data,-,-,-,-,-,-
AMR,Guyana,2009,"679,869",Completed,DEC + ALB,2,-,"184,003","129,189",70.2%,19.0%
AMR,Guyana,2010,"690,869",Completed,DEC + ALB,1,-,"52,438","43,029",82.1%,6.2%
AMR,Guyana,2011,"690,869",Completed,DEC + ALB,1,-,"51,977","33,273",64.0%,4.8%
AMR,Guyana,2012,"690,869",Completed,DEC + ALB,1,16.7%,"317,000","134,832",42.5%,19.5%
AMR,Guyana,2013,"509,980",Completed,No MDA,-,-,-,-,-,-
AMR,Guyana,2014,"715,939",Completed,DEC + ALB,2,20.0%,"331,226","234,269",70.7%,32.7%
AMR,Guyana,2015,"747,901",Completed,DEC + ALB,3,30.0%,"470,605","223,210",47.4%,29.8%
AMR,Guyana,2016,"719,312",Completed,DEC + ALB,4,44.4%,"509,160","277,227",54.4%,38.5%
AMR,Haiti,2001,"6,000,000",Completed,DEC + ALB,1,0.9%,"150,000","105,750",70.5%,1.8%
AMR,Haiti,2002,"6,000,000",Completed,DEC + ALB,9,8.1%,"510,795","434,896",85.1%,7.2%
AMR,Haiti,2003,"6,000,000",Completed,DEC + ALB,13,11.7%,"757,976","583,541",77.0%,9.7%
AMR,Haiti,2004,"6,000,000",Completed,DEC + ALB,22,19.8%,"1,428,298","1,068,220",74.8%,17.8%
AMR,Haiti,2005,"6,000,000",Completed,DEC + ALB,25,22.5%,"1,782,249","1,255,476",70.4%,20.9%
AMR,Haiti,2006,"6,000,000",Completed,No MDA,-,-,-,-,-,-
AMR,Haiti,2007,"8,640,526",Completed,DEC + ALB,17,15.3%,"1,262,896","769,029",60.9%,8.9%
AMR,Haiti,2008,"8,640,526",Completed,DEC + ALB,50,45.0%,"3,073,828","2,547,864",82.9%,29.5%
AMR,Haiti,2009,"8,640,526",Completed,DEC + ALB,-,-,"3,212,926","3,058,566",95.2%,35.4%
AMR,Haiti,2010,"9,197,056",Completed,DEC + ALB,79,64.2%,"4,295,827","3,947,635",91.9%,42.9%
AMR,Haiti,2011,"9,737,012",Completed,DEC + ALB,123,100.0%,"9,737,012","8,789,048",90.3%,90.3%
AMR,Haiti,2012,"10,732,356",Completed,DEC + ALB,126,100.0%,"9,416,879","8,071,399",85.7%,75.2%
AMR,Haiti,2013,"11,008,822",Completed,DEC + ALB,113,80.7%,"8,510,375","7,047,600",82.8%,64.0%
AMR,Haiti,2014,"11,358,721",Completed,DEC + ALB,77,55.0%,"7,607,978","5,469,024",71.9%,48.1%
AMR,Haiti,2015,"9,749,080",Completed,DEC + ALB,66,71.0%,"7,975,091","5,178,919",64.9%,53.1%
AMR,Haiti,2016,"7,015,045",Completed,DEC + ALB,27,96.4%,"6,988,273","3,768,101",53.9%,53.7%
AMR,Suriname,2009,-,Completed,Not required MDA,-,-,-,-,-,-
AMR,Suriname,2010,-,-,Classified as non-endemic,-,-,-,-,-,-
AMR,Trinidad and Tobago,2009,-,Completed,Not required MDA,-,-,-,-,-,-
AMR,Trinidad and Tobago,2010,-,-,Classified as non-endemic,-,-,-,-,-,-
EMR,Egypt,2000,"2,100,000",Completed,DEC + ALB,28,100.0%,"1,820,000","1,759,553",96.7%,83.8%
EMR,Egypt,2001,"2,412,170",Completed,DEC + ALB,28,100.0%,"2,412,170","2,325,724",96.4%,96.4%
EMR,Egypt,2002,"2,574,781",Completed,DEC + ALB,28,100.0%,"2,574,781","2,448,399",95.1%,95.1%
EMR,Egypt,2003,"2,731,644",Completed,DEC + ALB,28,100.0%,"2,731,644","2,547,143",93.2%,93.2%
EMR,Egypt,2004,"2,745,644",Completed,DEC + ALB,28,100.0%,"2,735,626","2,579,452",94.3%,93.9%
EMR,Egypt,2005,"792,584",Completed,DEC + ALB,15,53.6%,"729,986","693,487",95.0%,87.5%
EMR,Egypt,2006,"483,692",Completed,DEC + ALB,28,100.0%,"483,656","440,326",91.0%,91.0%
EMR,Egypt,2007,"783,927",Completed,DEC + ALB,17,58.6%,"300,235","275,200",91.7%,35.1%
EMR,Egypt,2008,"516,458",Completed,DEC + ALB,29,100.0%,"516,458","476,194",92.2%,92.2%
EMR,Egypt,2009,"516,458",Completed,No MDA,-,-,-,-,-,-
EMR,Egypt,2010,"515,148",Completed,DEC + ALB,29,100.0%,"515,148","496,292",96.3%,96.3%
EMR,Egypt,2011,"536,443",Completed,DEC + ALB,29,100.0%,"536,443","495,356",92.3%,92.3%
EMR,Egypt,2012,"536,443",Completed,No MDA,-,-,-,-,-,-
EMR,Egypt,2013,"550,172",Completed,DEC + ALB,29,100.0%,"550,172","510,605",92.8%,92.8%
EMR,Egypt,2014,-,-,Surveillance,-,-,-,-,-,-
EMR,Egypt,2015,-,-,Surveillance,-,-,-,-,-,-
EMR,Egypt,2016,-,-,Surveillance,-,-,-,"1,649",-,-
EMR,South Sudan,2011,"1,659,558",In progress,Not started,-,-,-,-,-,-
EMR,South Sudan,2012,"1,659,558",In progress,Not started,-,-,-,-,-,-
EMR,Sudan,2009,"12,000,000",In progress,Not started,-,-,-,-,-,-
EMR,Sudan,2010,"23,351,147",In progress,Not started,-,-,-,-,-,-
EMR,Sudan,2011,"19,893,779",In progress,Not started,-,-,-,-,-,-
EMR,Sudan,2012,"19,893,779",In progress,Not started,-,-,-,-,-,-
EMR,Sudan,2013,"19,893,779",In progress,IVM + ALB,2,-,"333,525","292,739",87.8%,1.5%
EMR,Sudan,2014,"19,893,779",In progress,No MDA,-,-,-,-,-,-
EMR,Sudan,2015,"13,393,890",In progress,No MDA,-,-,-,-,-,-
EMR,Sudan,2016,"13,393,890",In progress,IVM + ALB,12,12.5%,"2,982,383","921,947",30.9%,6.9%
EMR,Yemen,2002,"108,890",In progress,IVM + ALB,6,66.6%,"109,349","79,119",72.4%,72.7%
EMR,Yemen,2003,"108,890",Completed,IVM + ALB,7,100.0%,"104,821","82,089",78.3%,75.4%
EMR,Yemen,2004,"173,264",Completed,IVM + ALB,7,100.0%,"173,264","142,581",82.3%,82.3%
EMR,Yemen,2005,"111,797",Completed,IVM + ALB,7,100.0%,"111,797","90,054",80.6%,80.6%
EMR,Yemen,2006,"111,036",Completed,IVM + ALB,7,100.0%,"111,036","94,949",85.5%,85.5%
EMR,Yemen,2007,"111,036",Completed,IVM + ALB,1,100.0%,"38,000","32,300",85.0%,29.1%
EMR,Yemen,2008,"111,036",Completed,IVM + ALB,1,100.0%,"40,041","33,700",84.2%,30.4%
EMR,Yemen,2009,"48,867",Completed,IVM + ALB,1,100.0%,"31,756","25,000",78.7%,51.2%
EMR,Yemen,2010,"48,867",Completed,No MDA,-,-,-,-,-,-
EMR,Yemen,2011,"44,000",Completed,IVM + ALB,1,100.0%,"44,000","36,000",81.8%,81.8%
EMR,Yemen,2012,-,-,Surveillance,-,-,-,-,-,-
EMR,Yemen,2013,-,-,Surveillance,-,-,-,-,-,-
EMR,Yemen,2014,-,-,Surveillance,-,-,-,-,-,-
EMR,Yemen,2015,-,-,Surveillance,-,-,-,-,-,-
EMR,Yemen,2016,-,-,Surveillance,-,-,-,-,-,-
SEAR,Bangladesh,2001,"34,000,000",In progress,DEC + ALB,1,8.3%,"846,880","808,697",95.5%,2.4%
SEAR,Bangladesh,2002,"49,000,000",In progress,DEC + ALB,4,17.4%,"5,178,741","4,860,402",93.9%,9.9%
SEAR,Bangladesh,2003,"49,000,000",In progress,DEC + ALB,5,23.0%,"6,692,672","6,168,267",92.2%,12.6%
SEAR,Bangladesh,2004,"49,000,000",In progress,DEC + ALB,10,43.5%,"17,638,744","16,183,702",91.8%,33.0%
SEAR,Bangladesh,2005,"70,000,000",Completed,DEC + ALB,12,52.2%,"20,160,304","17,233,167",85.5%,24.6%
SEAR,Bangladesh,2006,"70,000,000",Completed,DEC + ALB,8,23.5%,"18,499,233","16,929,580",91.5%,24.2%
SEAR,Bangladesh,2006,"70,000,000",Completed,DEC alone,5,14.7%,"5,415,890","5,039,258",93.0%,7.2%
SEAR,Bangladesh,2007,"74,000,000",Completed,DEC + ALB,14,41.2%,"25,849,618","23,264,656",90.0%,31.4%
SEAR,Bangladesh,2007,"74,000,000",Completed,DEC alone,1,2.9%,"2,121,385","1,888,032",89.0%,2.6%
SEAR,Bangladesh,2008,"74,300,000",Completed,DEC + ALB,10,29.4%,"33,834,962","14,327,904",42.3%,19.3%
SEAR,Bangladesh,2009,"75,960,000",Completed,DEC alone,1,2.9%,"2,261,965","2,079,501",91.9%,2.7%
SEAR,Bangladesh,2009,"75,960,000",Completed,DEC + ALB,18,52.9%,"31,989,818","29,766,979",93.1%,39.2%
SEAR,Bangladesh,2010,"75,960,000",Completed,DEC + ALB,19,55.9%,"36,336,154","33,572,654",92.4%,44.2%
SEAR,Bangladesh,2011,"77,230,000",Completed,DEC + ALB,14,41.2%,"27,013,554","22,143,169",82.0%,28.7%
SEAR,Bangladesh,2012,"77,230,000",Completed,DEC + ALB,9,26.5%,"16,672,290","14,410,152",86.4%,18.7%
SEAR,Bangladesh,2013,"49,660,000",Completed,DEC + ALB,4,21.1%,"8,660,332","7,133,685",82.4%,14.4%
SEAR,Bangladesh,2014,"4,442,439",Completed,DEC + ALB,1,50.0%,"2,970,610","2,791,478",94.0%,62.8%
SEAR,Bangladesh,2015,"3,211,000",Completed,DEC + ALB,1,100.0%,"3,211,000","2,445,218",76.2%,76.2%
SEAR,Bangladesh,2016,-,-,Surveillance,-,-,-,-,-,-
SEAR,India,2001,"454,000,000",In progress,DEC + ALB,7,2.7%,"15,267,529","13,433,322",88.0%,3.0%
SEAR,India,2002,"454,000,000",In progress,DEC alone,-,-,"35,700,000","32,000,000",89.6%,7.0%
SEAR,India,2002,"454,000,000",In progress,DEC + ALB,11,4.2%,"23,884,633","21,072,433",88.2%,4.6%
SEAR,India,2003,"454,000,000",In progress,DEC alone,15,5.7%,"52,000,000","36,000,000",69.2%,7.9%
SEAR,India,2003,"454,000,000",In progress,DEC + ALB,6,2.5%,"15,460,508","12,755,037",82.5%,2.8%
SEAR,India,2004,"454,000,000",In progress,DEC alone,142,58.4%,"451,312,208","261,742,557",58.0%,57.7%
SEAR,India,2004,"454,000,000",In progress,DEC + ALB,6,2.5%,"16,925,655","15,042,737",88.9%,3.3%
SEAR,India,2005,"553,680,000",Completed,DEC alone,201,82.7%,"562,904,127","344,906,704",61.3%,62.3%
SEAR,India,2005,"553,680,000",Completed,DEC + ALB,1,0.4%,"2,257,000","1,533,112",67.9%,0.3%
SEAR,India,2006,"554,190,000",Completed,DEC alone,218,89.7%,"575,102,461","302,671,985",52.6%,54.6%
SEAR,India,2006,"554,190,000",Completed,DEC + ALB,-,-,-,-,-,-
SEAR,India,2007,"590,521,721",Completed,DEC alone,219,87.6%,"528,379,449","373,030,784",70.6%,63.2%
SEAR,India,2007,"590,521,721",Completed,DEC + ALB,31,12.4%,"62,142,275","48,216,274",77.6%,8.2%
SEAR,India,2008,"599,111,228",Completed,DEC alone,159,63.6%,"374,339,258","264,067,237",70.5%,44.1%
SEAR,India,2008,"599,111,228",Completed,DEC + ALB,55,22.0%,"133,080,045","110,269,128",82.9%,18.4%
SEAR,India,2009,"599,111,228",Completed,DEC + ALB,193,77.2%,"447,830,000","336,570,000",75.2%,56.2%
SEAR,India,2010,"604,113,435",Completed,DEC + ALB,188,75.2%,"404,656,000","307,786,908",76.1%,50.9%
SEAR,India,2011,"609,970,000",Completed,DEC + ALB,181,72.4%,"456,986,719","342,409,666",74.9%,56.1%
SEAR,India,2012,"594,042,240",Completed,DEC + ALB,203,88.6%,"544,925,422","410,863,507",75.4%,69.2%
SEAR,India,2013,"489,133,952",Completed,DEC + ALB,136,71.2%,"347,090,614","252,970,887",72.9%,51.7%
SEAR,India,2014,"480,854,101",Completed,DEC + ALB,159,86.4%,"484,822,186","322,802,861",66.6%,67.1%
SEAR,India,2015,"370,626,634",Completed,DEC + ALB,138,98.6%,"359,748,933","279,620,770",77.7%,75.4%
SEAR,India,2016,"337,024,378",Completed,DEC + ALB,100,76.9%,"253,138,418","187,492,171",74.1%,55.6%
SEAR,Indonesia,2002,"150,000,000",In progress,DEC + ALB,-,-,"322,250","255,144",79.2%,0.2%
SEAR,Indonesia,2003,"150,000,000",In progress,DEC + ALB,-,-,"746,064","635,017",85.1%,0.4%
SEAR,Indonesia,2004,"150,000,000",In progress,DEC + ALB,56,23.9%,"2,591,854","1,246,023",48.1%,0.8%
SEAR,Indonesia,2005,"150,000,000",In progress,DEC + ALB,31,13.2%,"4,043,510","2,897,388",71.7%,1.9%
SEAR,Indonesia,2006,"98,475,633",In progress,DEC + ALB,68,25.6%,"7,075,636","5,325,106",75.3%,5.4%
SEAR,Indonesia,2007,"112,775,543",In progress,DEC + ALB,77,25.3%,"11,116,700","8,411,263",75.7%,7.5%
SEAR,Indonesia,2008,"118,625,869",In progress,DEC + ALB,97,30.7%,"16,799,604","12,310,959",73.3%,10.4%
SEAR,Indonesia,2009,"124,573,966",Completed,DEC + ALB,99,29.4%,"28,719,893","19,160,261",66.7%,15.4%
SEAR,Indonesia,2010,"130,488,888",Completed,DEC + ALB,88,24.7%,"37,203,274","18,456,273",49.6%,14.1%
SEAR,Indonesia,2011,"123,478,265",Completed,DEC + ALB,96,28.7%,"53,516,897","21,837,799",40.8%,17.7%
SEAR,Indonesia,2012,"113,283,453",Completed,DEC + ALB,85,28.2%,"43,955,781","23,623,326",53.7%,20.9%
SEAR,Indonesia,2013,"99,704,027",Completed,DEC + ALB,86,46.7%,"47,484,940","24,425,649",51.4%,24.5%
SEAR,Indonesia,2014,"92,760,478",Completed,DEC + ALB,87,46.0%,"49,393,351","21,666,387",43.9%,23.4%
SEAR,Indonesia,2015,"71,241,075",Completed,DEC + ALB,144,70.6%,"43,077,291","36,292,569",84.2%,50.9%
SEAR,Indonesia,2016,"61,617,614",Completed,DEC + ALB,181,96.8%,"56,220,879","43,783,064",77.9%,71.1%
SEAR,Maldives,2004,"1,900",Completed,DEC + ALB,1,100.0%,"1,740","1,574",90.5%,82.8%
SEAR,Maldives,2005,"1,900",Completed,DEC + ALB,1,100.0%,"1,900","1,210",63.7%,63.7%
SEAR,Maldives,2006,"1,900",Completed,No data,-,-,-,-,-,-
SEAR,Maldives,2007,"1,927",Completed,DEC + ALB,1,100.0%,"1,927","1,351",70.1%,70.1%
SEAR,Maldives,2008,"1,901",Completed,DEC + ALB,1,100.0%,"1,901","1,477",77.7%,77.7%
SEAR,Maldives,2009,"1,901",Completed,No MDA,-,-,-,-,-,-
SEAR,Maldives,2010,-,-,Surveillance,-,-,-,-,-,-
SEAR,Maldives,2011,-,-,Surveillance,-,-,-,-,-,-
SEAR,Maldives,2012,-,-,Surveillance,-,-,-,-,-,-
SEAR,Maldives,2013,-,-,Surveillance,-,-,-,-,-,-
SEAR,Maldives,2014,-,-,Surveillance,-,-,-,-,-,-
SEAR,Maldives,2015,-,-,Eliminated as a public health problem,-,-,-,-,-,-
SEAR,Maldives,2016,-,-,Eliminated as a public health problem,-,-,-,-,-,-
SEAR,Myanmar,2001,"46,000,000",In progress,DEC + ALB,-,-,"1,939,964","1,803,306",93.0%,3.9%
SEAR,Myanmar,2002,"46,000,000",In progress,DEC + ALB,-,-,"8,634,179","7,474,094",86.6%,16.2%
SEAR,Myanmar,2003,"47,000,000",In progress,DEC + ALB,-,-,"8,339,234","7,667,061",91.9%,16.3%
SEAR,Myanmar,2004,"47,000,000",In progress,DEC + ALB,-,-,"17,929,178","15,838,896",88.3%,33.7%
SEAR,Myanmar,2005,"43,200,000",In progress,No data,-,-,-,-,-,-
SEAR,Myanmar,2006,"45,675,729",Completed,DEC + ALB,15,33.3%,"11,868,901","10,645,333",89.7%,23.3%
SEAR,Myanmar,2007,"47,487,652",Completed,DEC + ALB,22,48.9%,"20,000,250","18,397,240",92.0%,38.7%
SEAR,Myanmar,2008,"47,487,652",Completed,DEC + ALB,19,42.2%,"17,702,845","15,790,286",89.2%,33.3%
SEAR,Myanmar,2009,"47,487,652",Completed,Reported as 2008,-,-,-,-,-,-
SEAR,Myanmar,2010,"46,994,323",Completed,DEC + ALB,12,26.7%,"10,035,458","9,002,092",89.7%,19.2%
SEAR,Myanmar,2011,"41,935,764",Completed,DEC + ALB,20,44.4%,"17,031,456","15,329,190",90.0%,36.6%
SEAR,Myanmar,2012,"41,666,403",Completed,No MDA,-,-,-,-,-,-
SEAR,Myanmar,2013,"39,527,180",Completed,DEC + ALB,36,80.0%,"33,750,307","29,314,897",86.9%,74.2%
SEAR,Myanmar,2014,"37,189,736",Completed,DEC + ALB,39,92.9%,"35,215,863","31,052,260",88.2%,83.5%
SEAR,Myanmar,2015,"38,896,362",Completed,DEC + ALB,39,90.7%,"36,570,527","32,287,295",88.3%,83.0%
SEAR,Myanmar,2016,"36,023,429",Completed,DEC + ALB,36,100.0%,"36,023,429","31,867,477",88.5%,88.5%
SEAR,Nepal,2003,"22,000,000",Completed,DEC + ALB,1,2.0%,"508,534","412,923",81.2%,1.9%
SEAR,Nepal,2004,"22,000,000",Completed,DEC + ALB,3,5.9%,"1,475,380","1,451,899",98.4%,6.6%
SEAR,Nepal,2005,"23,113,351",Completed,DEC + ALB,5,9.8%,"3,129,113","2,599,233",83.1%,11.2%
SEAR,Nepal,2006,"23,113,351",Completed,DEC + ALB,3,5.9%,"2,075,812","1,729,259",83.3%,7.5%
SEAR,Nepal,2007,"23,113,351",Completed,DEC + ALB,21,41.2%,"10,844,541","8,777,110",80.9%,38.0%
SEAR,Nepal,2008,"23,113,351",Completed,DEC + ALB,21,41.2%,"10,838,974","8,786,304",81.1%,38.0%
SEAR,Nepal,2009,"25,000,000",Completed,DEC + ALB,21,41.2%,"10,779,864","8,280,343",76.8%,33.1%
SEAR,Nepal,2010,"25,000,000",Completed,DEC + ALB,30,50.0%,"14,162,850","11,508,311",81.3%,46.0%
SEAR,Nepal,2011,"25,000,000",Completed,DEC + ALB,36,60.0%,"15,505,463","12,276,826",79.2%,49.1%
SEAR,Nepal,2012,"15,755,990",Completed,DEC + ALB,46,75.4%,"20,010,000","13,546,889",67.7%,86.0%
SEAR,Nepal,2013,"21,852,201",Completed,DEC + ALB,56,100.0%,"21,852,201","16,116,207",73.8%,73.8%
SEAR,Nepal,2014,"15,874,069",Completed,DEC + ALB,41,100.0%,"15,589,924","10,933,596",70.1%,68.9%
SEAR,Nepal,2015,"15,981,384",Completed,DEC + ALB,41,100.0%,"15,981,384","11,117,627",69.6%,69.6%
SEAR,Nepal,2016,"13,434,920",Completed,DEC + ALB,35,97.2%,"12,803,820","8,980,509",70.1%,66.8%
SEAR,Sri Lanka,2001,"9,000,000",Completed,DEC + ALB,8,100.0%,"2,171,386","1,666,389",76.7%,18.5%
SEAR,Sri Lanka,2002,"10,000,000",Completed,DEC + ALB,8,100.0%,"10,044,082","8,637,505",86.0%,86.4%
SEAR,Sri Lanka,2003,"10,000,000",Completed,DEC + ALB,8,100.0%,"9,847,588","8,584,037",87.2%,85.8%
SEAR,Sri Lanka,2004,"10,000,000",Completed,DEC + ALB,8,100.0%,"10,044,082","8,576,344",85.4%,85.8%
SEAR,Sri Lanka,2005,"10,233,409",Completed,DEC + ALB,8,100.0%,"10,233,409","8,566,911",83.7%,83.7%
SEAR,Sri Lanka,2006,"10,459,966",Completed,DEC + ALB,8,100.0%,"10,429,970","8,761,974",84.0%,83.8%
SEAR,Sri Lanka,2007,"10,459,966",Completed,No MDA,-,-,-,-,-,-
SEAR,Sri Lanka,2008,-,-,Surveillance,-,-,-,-,-,-
SEAR,Sri Lanka,2009,-,-,Surveillance,-,-,-,-,-,-
SEAR,Sri Lanka,2010,-,-,Surveillance,-,-,-,-,-,-
SEAR,Sri Lanka,2011,-,-,Surveillance,-,-,-,-,-,-
SEAR,Sri Lanka,2012,-,-,Surveillance,-,-,-,-,-,-
SEAR,Sri Lanka,2013,-,-,Surveillance,-,-,-,-,-,-
SEAR,Sri Lanka,2014,-,-,Surveillance,-,-,-,-,-,-
SEAR,Sri Lanka,2015,-,-,Eliminated as a public health problem,-,-,-,-,-,-
SEAR,Sri Lanka,2016,-,-,Eliminated as a public health problem,-,-,-,-,-,-
SEAR,Thailand,2002,"125,725",Completed,DEC + ALB,-,-,"130,491","118,752",91.0%,94.5%
SEAR,Thailand,2003,"125,725",Completed,DEC + ALB,-,-,"138,988","123,722",89.0%,98.4%
SEAR,Thailand,2004,"164,020",Completed,DEC + ALB,336,100.0%,"146,265","129,897",88.8%,79.2%
SEAR,Thailand,2005,"164,020",Completed,DEC + ALB,328,98.2%,"158,716","141,140",88.9%,86.1%
SEAR,Thailand,2006,"166,524",Completed,DEC + ALB,350,100.0%,"166,524","112,946",67.8%,67.8%
SEAR,Thailand,2007,"74,113",Completed,DEC + ALB,82,100.0%,"74,113","61,776",83.4%,83.4%
SEAR,Thailand,2008,"79,129",Completed,DEC + ALB,87,100.0%,"79,129","75,612",95.6%,95.6%
SEAR,Thailand,2009,"81,788",Completed,DEC + ALB,87,100.0%,"81,788","77,659",95.0%,95.0%
SEAR,Thailand,2010,"80,930",Completed,DEC + ALB,87,100.0%,"80,930","76,500",94.5%,94.5%
SEAR,Thailand,2011,"83,105",Completed,DEC + ALB,87,100.0%,"83,105","79,679",95.9%,95.9%
SEAR,Thailand,2012,"73,495",Completed,DEC + ALB,87,100.0%,"73,495","68,659",93.4%,93.4%
SEAR,Thailand,2013,-,-,Surveillance,-,-,-,-,-,-
SEAR,Thailand,2014,-,-,Surveillance,-,-,-,-,-,-
SEAR,Thailand,2015,-,-,Surveillance,-,-,-,-,-,-
SEAR,Thailand,2016,-,-,Surveillance,-,-,-,-,-,-
SEAR,Timor-Leste,2005,"924,624",Completed,DEC + ALB,4,30.8%,"314,583","289,778",92.1%,31.3%
SEAR,Timor-Leste,2006,"924,624",Completed,DEC + ALB,5,38.5%,"339,289","316,299",93.2%,34.2%
SEAR,Timor-Leste,2007,"1,047,632",Completed,DEC + ALB,6,46.2%,"364,844","269,187",73.8%,25.7%
SEAR,Timor-Leste,2008,"1,047,632",Completed,No MDA,-,-,-,-,-,-
SEAR,Timor-Leste,2009,"1,047,632",Completed,No MDA,-,-,-,-,-,-
SEAR,Timor-Leste,2010,"1,047,632",Completed,No MDA,-,-,-,-,-,-
SEAR,Timor-Leste,2011,"1,066,582",Completed,No MDA,-,-,-,-,-,-
SEAR,Timor-Leste,2012,"1,180,067",Completed,No MDA,-,-,-,-,-,-
SEAR,Timor-Leste,2013,"1,066,582",Completed,No MDA,-,-,-,-,-,-
SEAR,Timor-Leste,2014,"1,066,582",Completed,No MDA,-,-,-,-,-,-
SEAR,Timor-Leste,2015,"1,167,242",Completed,DEC + ALB,13,100.0%,"1,167,242","828,535",71.0%,71.0%
SEAR,Timor-Leste,2016,"1,167,242",Completed,DEC + ALB,13,100.0%,"1,167,242","778,346",66.7%,66.7%
WPR,American Samoa,2000,"63,000",Completed,DEC + ALB,1,100.0%,"63,000","11,081",17.6%,17.6%
WPR,American Samoa,2001,"63,000",Completed,DEC + ALB,1,100.0%,"57,291","29,991",52.3%,47.6%
WPR,American Samoa,2002,"63,000",Completed,DEC + ALB,1,100.0%,"57,291","28,489",49.7%,45.2%
WPR,American Samoa,2003,"63,000",Completed,DEC + ALB,1,100.0%,"57,291","40,211",70.2%,63.8%
WPR,American Samoa,2004,"57,291",Completed,DEC + ALB,1,100.0%,"57,291","37,018",64.6%,64.6%
WPR,American Samoa,2005,"63,900",Completed,DEC + ALB,1,100.0%,"63,900","38,370",60.0%,60.0%
WPR,American Samoa,2006,"57,881",Completed,DEC + ALB,1,100.0%,"63,308","40,197",63.5%,69.4%
WPR,American Samoa,2007,"57,881",Completed,No MDA,-,-,-,-,-,-
WPR,American Samoa,2008,"57,881",Completed,No MDA,-,-,-,-,-,-
WPR,American Samoa,2009,"57,881",Completed,No MDA,-,-,-,-,-,-
WPR,American Samoa,2010,-,-,Surveillance,-,-,-,-,-,-
WPR,American Samoa,2011,-,-,Surveillance,-,-,-,-,-,-
WPR,American Samoa,2012,-,-,Surveillance,-,-,-,-,-,-
WPR,American Samoa,2013,-,-,Surveillance,-,-,-,-,-,-
WPR,American Samoa,2014,-,-,Surveillance,-,-,-,-,-,-
WPR,American Samoa,2015,-,-,Surveillance,-,-,-,-,-,-
WPR,American Samoa,2016,-,-,Surveillance,-,-,-,-,-,-
WPR,Brunei Darussalam,2009,-,Completed,Not required MDA,-,-,-,-,-,-
WPR,Brunei Darussalam,2010,"15,000",Completed,Not started,-,-,-,-,-,-
WPR,Brunei Darussalam,2011,"15,000",Completed,Not started,-,-,-,-,-,-
WPR,Brunei Darussalam,2012,"15,000",Completed,Not started,-,-,-,-,-,-
WPR,Brunei Darussalam,2013,"15,000",Completed,No data,-,-,-,-,-,-
WPR,Brunei Darussalam,2014,"9,239",Completed,DEC + ALB,3,100.0%,"7,862","5,626",71.6%,60.9%
WPR,Brunei Darussalam,2015,"9,239",Completed,No data,-,-,-,-,-,-
WPR,Brunei Darussalam,2016,"9,239",Completed,No data,-,-,-,-,-,-
WPR,Cambodia,2005,"434,999",Completed,DEC + ALB,6,100.0%,"434,999","310,224",71.3%,71.3%
WPR,Cambodia,2006,"437,731",Completed,DEC + ALB,6,100.0%,"437,731","343,714",78.5%,78.5%
WPR,Cambodia,2007,"474,799",Completed,DEC + ALB,6,100.0%,"474,799","388,892",81.9%,81.9%
WPR,Cambodia,2008,"502,982",Completed,DEC + ALB,6,100.0%,"502,982","411,839",81.9%,81.9%
WPR,Cambodia,2009,"502,982",Completed,DEC + ALB,6,100.0%,"502,982","425,587",84.6%,84.6%
WPR,Cambodia,2010,-,-,Surveillance,-,-,-,-,-,-
WPR,Cambodia,2011,-,-,Surveillance,-,-,-,-,-,-
WPR,Cambodia,2012,-,-,Surveillance,-,-,-,-,-,-
WPR,Cambodia,2013,-,-,Surveillance,-,-,-,-,-,-
WPR,Cambodia,2014,-,-,Surveillance,-,-,-,-,-,-
WPR,Cambodia,2015,-,-,Eliminated as a public health problem,-,-,-,-,-,-
WPR,Cambodia,2016,-,-,Eliminated as a public health problem,-,-,-,-,-,-
WPR,Cook Islands,2000,"20,000",Completed,DEC + ALB,1,100.0%,"18,000","13,344",74.1%,66.7%
WPR,Cook Islands,2001,"18,034",Completed,DEC + ALB,1,100.0%,"18,034","11,562",64.1%,64.1%
WPR,Cook Islands,2002,"18,037",Completed,DEC + ALB,1,100.0%,"18,037","17,676",98.0%,98.0%
WPR,Cook Islands,2003,"18,700",Completed,DEC + ALB,1,100.0%,"18,700","13,048",69.8%,69.8%
WPR,Cook Islands,2004,"18,700",Completed,DEC + ALB,1,100.0%,"18,700","12,900",69.0%,69.0%
WPR,Cook Islands,2005,"16,596",Completed,No MDA,-,-,-,-,-,-
WPR,Cook Islands,2006,"16,596",Completed,DEC + ALB,1,100.0%,"13,572","14,494",106.8%,87.3%
WPR,Cook Islands,2007,"16,596",Completed,No MDA,-,-,-,-,-,-
WPR,Cook Islands,2008,-,-,Surveillance,-,-,-,-,-,-
WPR,Cook Islands,2009,-,-,Surveillance,-,-,-,-,-,-
WPR,Cook Islands,2010,-,-,Surveillance,-,-,-,-,-,-
WPR,Cook Islands,2011,-,-,Surveillance,-,-,-,-,-,-
WPR,Cook Islands,2012,-,-,Surveillance,-,-,-,-,-,-
WPR,Cook Islands,2013,-,-,Surveillance,-,-,-,-,-,-
WPR,Cook Islands,2014,-,-,Surveillance,-,-,-,-,-,-
WPR,Cook Islands,2015,-,-,Eliminated as a public health problem,-,-,-,-,-,-
WPR,Cook Islands,2016,-,-,Eliminated as a public health problem,-,-,-,-,-,-
WPR,Fiji,2002,"841,500",Completed,DEC + ALB,1,100.0%,"775,077","545,780",70.4%,64.9%
WPR,Fiji,2003,"841,500",Completed,DEC + ALB,1,100.0%,"776,173","483,983",62.4%,57.5%
WPR,Fiji,2004,"841,500",Completed,DEC + ALB,1,100.0%,"776,173","537,484",69.2%,63.9%
WPR,Fiji,2005,"841,500",Completed,DEC + ALB,1,100.0%,"841,500","529,615",62.9%,62.9%
WPR,Fiji,2006,"849,361",Completed,DEC + ALB,1,100.0%,"831,263","482,383",58.0%,56.8%
WPR,Fiji,2007,"827,900",Completed,No MDA,-,-,-,-,-,-
WPR,Fiji,2008,"837,271",Completed,DEC + ALB,1,100.0%,"346,839","328,333",94.7%,39.2%
WPR,Fiji,2009,"879,985",Completed,DEC + ALB,1,100.0%,"491,032","465,075",94.7%,52.9%
WPR,Fiji,2010,"879,985",Completed,DEC + ALB,9,45.0%,"287,153","276,604",96.3%,31.4%
WPR,Fiji,2011,"529,984",Completed,DEC + ALB,14,100.0%,"529,984","458,728",86.6%,86.6%
WPR,Fiji,2012,"529,984",Completed,DEC + ALB,3,66.7%,"501,933","410,324",81.7%,77.4%
WPR,Fiji,2013,"55,548",Completed,DEC + ALB,2,100.0%,"55,548","42,550",76.6%,76.6%
WPR,Fiji,2014,"56,880",Completed,DEC + ALB,2,100.0%,"56,880","42,112",74.0%,74.0%
WPR,Fiji,2015,"55,340",Completed,DEC + ALB,3,100.0%,"55,340","51,032",92.2%,92.2%
WPR,Fiji,2016,"55,340",Completed,No MDA,-,-,-,-,-,-
WPR,French Polynesia,2000,"226,000",Completed,DEC + ALB,1,100.0%,"220,000","205,000",93.2%,90.7%
WPR,French Polynesia,2001,"255,000",Completed,DEC + ALB,1,100.0%,"225,300","214,149",95.1%,84.0%
WPR,French Polynesia,2002,"255,000",Completed,DEC + ALB,1,100.0%,"226,172","211,052",93.3%,82.8%
WPR,French Polynesia,2003,"255,000",Completed,DEC + ALB,1,100.0%,"245,516","221,300",90.1%,86.8%
WPR,French Polynesia,2004,"255,000",Completed,DEC + ALB,1,100.0%,"248,776","230,737",92.7%,90.5%
WPR,French Polynesia,2005,"255,000",Completed,DEC + ALB,1,100.0%,"255,000","263,098",103.2%,103.2%
WPR,French Polynesia,2006,"257,042",Completed,DEC + ALB,1,100.0%,"258,709","274,926",106.3%,107.0%
WPR,French Polynesia,2007,"259,596",Completed,DEC + ALB,1,100.0%,"259,596","44,596",17.2%,17.2%
WPR,French Polynesia,2008,"259,596",Completed,No MDA,-,-,-,-,-,-
WPR,French Polynesia,2009,"259,596",Completed,No MDA,-,-,-,-,-,-
WPR,French Polynesia,2010,"266,796",Completed,DEC + ALB,8,100.0%,"266,796","183,726",68.9%,68.9%
WPR,French Polynesia,2011,"271,446",Completed,DEC + ALB,8,100.0%,"271,446","230,662",85.0%,85.0%
WPR,French Polynesia,2012,"274,544",Completed,DEC + ALB,8,100.0%,"274,544","214,768",78.2%,78.2%
WPR,French Polynesia,2013,"258,115",Completed,DEC + ALB,8,100.0%,"258,115","218,015",84.5%,84.5%
WPR,French Polynesia,2014,"264,625",Completed,DEC + ALB,8,100.0%,"258,115","195,023",75.6%,73.7%
WPR,French Polynesia,2015,"147,104",Completed,DEC + ALB,5,100.0%,"147,104","127,888",86.9%,86.9%
WPR,French Polynesia,2016,"136,690",Completed,DEC + ALB,6,100.0%,"136,690","84,275",61.7%,61.7%
WPR,Kiribati,2001,"95,200",Completed,DEC + ALB,1,100.0%,"46,047","46,047",100.0%,48.4%
WPR,Kiribati,2002,"95,200",Completed,DEC + ALB,1,100.0%,"84,000","13,175",15.7%,13.8%
WPR,Kiribati,2003,"95,200",Completed,DEC + ALB,1,100.0%,"90,700","36,742",40.5%,38.6%
WPR,Kiribati,2004,"95,200",Completed,DEC + ALB,1,100.0%,"90,700","66,741",73.6%,70.1%
WPR,Kiribati,2005,"95,200",Completed,DEC + ALB,1,100.0%,"95,200","73,123",76.8%,76.8%
WPR,Kiribati,2006,"95,200",Completed,No MDA,-,-,-,-,-,-
WPR,Kiribati,2007,"93,706",Completed,No MDA,-,-,-,-,-,-
WPR,Kiribati,2008,"93,706",Completed,No MDA,-,-,-,-,-,-
WPR,Kiribati,2009,"93,706",Completed,No MDA,-,-,-,-,-,-
WPR,Kiribati,2010,"93,236",Completed,DEC + ALB,1,33.3%,"45,015","34,632",76.9%,37.1%
WPR,Kiribati,2011,"103,058",Completed,DEC + ALB,1,33.3%,"50,182","38,623",77.0%,37.5%
WPR,Kiribati,2012,"103,058",Completed,DEC + ALB,1,33.3%,"8,711","8,136",93.4%,7.9%
WPR,Kiribati,2013,"9,236",Completed,DEC + ALB,1,100.0%,"8,526","7,745",90.8%,83.9%
WPR,Kiribati,2014,-,-,Surveillance,-,-,-,-,-,-
WPR,Kiribati,2015,-,-,Surveillance,-,-,-,-,-,-
WPR,Kiribati,2016,-,-,Surveillance,-,-,-,-,-,-
WPR,Lao People's Democratic Republic,2008,"10,751",In progress,DEC + ALB,1,20.0%,"10,751","6,560",61.0%,61.0%
WPR,Lao People's Democratic Republic,2009,"117,551",Completed,DEC + ALB,1,20.0%,"10,751","6,560",61.0%,5.6%
WPR,Lao People's Democratic Republic,2010,"123,779",Completed,DEC + ALB,5,100.0%,"123,707","86,153",69.6%,69.6%
WPR,Lao People's Democratic Republic,2011,"129,721",Completed,DEC + ALB,5,100.0%,"129,721","67,254",51.8%,51.8%
WPR,Lao People's Democratic Republic,2012,"132,644",Completed,DEC + ALB,5,100.0%,"132,644","86,402",65.1%,65.1%
WPR,Lao People's Democratic Republic,2013,"136,798",Completed,DEC + ALB,5,100.0%,"136,798","93,482",68.3%,68.3%
WPR,Lao People's Democratic Republic,2014,"137,089",Completed,DEC + ALB,1,100.0%,"137,089","121,019",88.3%,88.3%
WPR,Lao People's Democratic Republic,2015,"136,609",Completed,DEC + ALB,1,100.0%,"136,609","119,687",87.6%,87.6%
WPR,Lao People's Democratic Republic,2016,"153,023",Completed,DEC + ALB,1,100.0%,"153,023","135,079",88.3%,88.3%
WPR,Malaysia,2003,"1,169,610",Completed,DEC + ALB,-,-,"2,912,375","264,707",9.1%,22.6%
WPR,Malaysia,2004,"1,169,610",Completed,No data,-,-,-,-,-,-
WPR,Malaysia,2005,"1,169,610",Completed,DEC + ALB,117,100.0%,"1,169,690","784,267",67.0%,67.1%
WPR,Malaysia,2006,"1,169,610",Completed,DEC + ALB,117,100.0%,"1,185,574","833,933",70.3%,71.3%
WPR,Malaysia,2007,"1,017,715",Completed,DEC + ALB,117,100.0%,"1,017,851","826,485",81.2%,81.2%
WPR,Malaysia,2008,"1,117,461",Completed,DEC + ALB,128,100.0%,"1,117,461","960,448",85.9%,85.9%
WPR,Malaysia,2009,"1,117,461",Completed,No data,-,-,-,-,-,-
WPR,Malaysia,2010,"589,140",Completed,No MDA,-,-,-,-,-,-
WPR,Malaysia,2011,"652,692",Completed,DEC + ALB,37,74.0%,"472,585","440,396",93.2%,67.5%
WPR,Malaysia,2012,"1,266,123",Completed,DEC + ALB,26,22.4%,"308,568","271,587",88.0%,21.5%
WPR,Malaysia,2013,"660,208",Completed,DEC + ALB,50,100.0%,"660,208","604,991",91.6%,91.6%
WPR,Malaysia,2014,"176,748",Completed,DEC + ALB,4,25.0%,"52,438","47,644",90.9%,27.0%
WPR,Malaysia,2015,"174,474",Completed,DEC + ALB,17,100.0%,"174,474","154,976",88.8%,88.8%
WPR,Malaysia,2016,"120,318",Completed,DEC + ALB,14,100.0%,"120,318","108,695",90.3%,90.3%
WPR,Marshall Islands,2003,928,Completed,DEC + ALB,1,100.0%,"51,800",933,1.8%,100.5%
WPR,Marshall Islands,2004,928,Completed,No MDA,-,-,-,-,-,-
WPR,Marshall Islands,2005,928,Completed,No MDA,-,-,-,-,-,-
WPR,Marshall Islands,2006,928,Completed,DEC + ALB,1,100.0%,928,602,64.9%,64.9%
WPR,Marshall Islands,2007,928,Completed,No MDA,-,-,-,-,-,-
WPR,Marshall Islands,2008,928,Completed,No MDA,-,-,-,-,-,-
WPR,Marshall Islands,2009,928,Completed,No MDA,-,-,-,-,-,-
WPR,Marshall Islands,2010,-,-,Surveillance,-,-,-,-,-,-
WPR,Marshall Islands,2011,-,-,Surveillance,-,-,-,-,-,-
WPR,Marshall Islands,2012,-,-,Surveillance,-,-,-,-,-,-
WPR,Marshall Islands,2013,-,-,Surveillance,-,-,-,-,-,-
WPR,Marshall Islands,2014,-,-,Surveillance,-,-,-,-,-,-
WPR,Marshall Islands,2015,-,-,Surveillance,-,-,-,-,-,-
WPR,Marshall Islands,2016,-,-,Eliminated as a public health problem,-,-,-,-,-,-
WPR,Micronesia (Federated States of),2003,"114,100",Completed,DEC + ALB,1,100.0%,"1,520",756,49.7%,0.7%
WPR,Micronesia (Federated States of),2004,"114,100",Completed,No MDA,-,-,-,-,-,-
WPR,Micronesia (Federated States of),2005,"114,100",Completed,No MDA,-,-,-,-,-,-
WPR,Micronesia (Federated States of),2006,"114,100",Completed,No data,-,-,-,744,-,0.7%
WPR,Micronesia (Federated States of),2007,"11,241",Completed,DEC + ALB,1,100.0%,248,243,98.0%,2.2%
WPR,Micronesia (Federated States of),2008,"11,241",Completed,No MDA,-,-,-,-,-,-
WPR,Micronesia (Federated States of),2009,"11,241",Completed,No MDA,-,-,-,-,-,-
WPR,Micronesia (Federated States of),2010,"11,241",Completed,No data,-,-,-,-,-,-
WPR,Micronesia (Federated States of),2011,"11,241",Completed,No MDA,-,-,-,-,-,-
WPR,Micronesia (Federated States of),2012,"11,241",Completed,No MDA,-,-,-,-,-,-
WPR,Micronesia (Federated States of),2013,"11,241",Completed,No data,-,-,-,-,-,-
WPR,Micronesia (Federated States of),2014,"51,744",Completed,DEC + ALB,1,100.0%,"51,744","14,695",28.4%,28.4%
WPR,Micronesia (Federated States of),2015,"51,744",Completed,No MDA,-,-,-,-,-,-
WPR,Micronesia (Federated States of),2016,"51,744",Completed,DEC + ALB,1,100.0%,"51,744","13,558",26.2%,26.2%
WPR,New Caledonia,2009,"12,378",Completed,Not started,-,-,-,-,-,-
WPR,New Caledonia,2010,"12,378",Completed,Not started,-,-,-,-,-,-
WPR,New Caledonia,2011,"12,378",Completed,Not started,-,-,-,-,-,-
WPR,New Caledonia,2012,"12,378",Completed,Not started,-,-,-,-,-,-
WPR,New Caledonia,2013,"12,378",Completed,Not started,-,-,-,-,-,-
WPR,New Caledonia,2014,"12,378",Completed,Not started,-,-,-,-,-,-
WPR,New Caledonia,2015,"12,378",Completed,Not started,-,-,-,-,-,-
WPR,New Caledonia,2016,"12,378",Completed,Not started,-,-,-,-,-,-
WPR,Niue,2000,"2,000",Completed,DEC + ALB,1,100.0%,"1,800","1,802",100.1%,90.1%
WPR,Niue,2001,"2,000",Completed,DEC + ALB,1,100.0%,"1,913","1,706",89.2%,85.3%
WPR,Niue,2002,"2,000",Completed,DEC + ALB,1,100.0%,"1,788","1,469",82.2%,73.5%
WPR,Niue,2003,"2,000",Completed,DEC + ALB,1,100.0%,"1,788","1,386",77.5%,69.3%
WPR,Niue,2004,"2,000",Completed,DEC + ALB,1,100.0%,"1,639","1,397",85.2%,69.9%
WPR,Niue,2005,"1,500",Completed,No MDA,-,-,-,-,-,-
WPR,Niue,2006,"1,500",Completed,No MDA,-,-,-,-,-,-
WPR,Niue,2007,-,-,Surveillance,-,-,-,-,-,-
WPR,Niue,2008,-,-,Surveillance,-,-,-,-,-,-
WPR,Niue,2009,-,-,Surveillance,-,-,-,-,-,-
WPR,Niue,2010,-,-,Surveillance,-,-,-,-,-,-
WPR,Niue,2011,-,-,Surveillance,-,-,-,-,-,-
WPR,Niue,2012,-,-,Surveillance,-,-,-,-,-,-
WPR,Niue,2013,-,-,Surveillance,-,-,-,-,-,-
WPR,Niue,2014,-,-,Surveillance,-,-,-,-,-,-
WPR,Niue,2015,-,-,Eliminated as a public health problem,-,-,-,-,-,-
WPR,Niue,2016,-,-,Eliminated as a public health problem,-,-,-,-,-,-
WPR,Palau,2009,"20,044",Completed,Not started,-,-,-,-,-,-
WPR,Palau,2010,"20,044",Completed,Not started,-,-,-,-,-,-
WPR,Palau,2011,"20,044",Completed,Not started,-,-,-,-,-,-
WPR,Palau,2012,"20,044",Completed,Not started,-,-,-,-,-,-
WPR,Palau,2013,-,-,Surveillance,-,-,-,-,-,-
WPR,Palau,2014,-,-,Surveillance,-,-,-,-,-,-
WPR,Palau,2015,-,-,Surveillance,-,-,-,-,-,-
WPR,Palau,2016,-,-,Surveillance,-,-,-,-,-,-
WPR,Papua New Guinea,2005,"5,820,000",Completed,DEC + ALB,1,6.3%,"233,863","196,858",84.2%,3.4%
WPR,Papua New Guinea,2006,"4,266,692",Completed,DEC + ALB,6,37.5%,"1,223,865","591,189",48.3%,13.9%
WPR,Papua New Guinea,2007,"4,266,692",Completed,DEC + ALB,6,37.5%,"1,222,180",-,-,-
WPR,Papua New Guinea,2008,"4,266,692",Completed,No data,-,-,-,-,-,-
WPR,Papua New Guinea,2009,"4,266,692",Completed,No MDA,-,-,-,-,-,-
WPR,Papua New Guinea,2010,"5,602,188",Completed,DEC + ALB,1,6.3%,"267,405","132,355",49.5%,2.4%
WPR,Papua New Guinea,2011,"5,602,188",Completed,DEC + ALB,1,6.3%,"282,063","68,582",24.3%,1.2%
WPR,Papua New Guinea,2012,"5,602,188",Completed,No MDA,-,-,-,-,-,-
WPR,Papua New Guinea,2013,"5,602,188",Completed,No MDA,-,-,-,-,-,-
WPR,Papua New Guinea,2014,"5,602,188",Completed,DEC + ALB,2,12.5%,"156,014","121,734",78.0%,2.2%
WPR,Papua New Guinea,2015,"5,602,188",Completed,DEC + ALB,2,4.1%,"109,324","95,890",87.7%,1.7%
WPR,Papua New Guinea,2016,"5,602,188",Completed,DEC + ALB,2,4.1%,"148,378","119,953",80.8%,2.1%
WPR,Philippines,2000,"36,000,000",In progress,DEC + ALB,26,13.7%,"331,526","331,526",100.0%,0.9%
WPR,Philippines,2001,"23,500,000",In progress,DEC + ALB,91,31.4%,"3,054,445","2,236,110",73.2%,9.5%
WPR,Philippines,2002,"23,500,000",In progress,DEC + ALB,185,52.7%,"4,731,378","3,480,089",73.6%,14.8%
WPR,Philippines,2003,"23,500,000",In progress,DEC + ALB,373,100.0%,"11,559,383","9,093,216",78.7%,38.7%
WPR,Philippines,2004,"17,078,880",In progress,DEC + ALB,37,92.5%,"12,648,981","8,800,957",69.6%,51.5%
WPR,Philippines,2005,"21,275,320",Completed,DEC + ALB,37,92.5%,"14,524,226","9,881,124",68.0%,46.4%
WPR,Philippines,2006,"21,275,320",Completed,DEC + ALB,37,92.5%,"15,034,765","10,174,936",67.7%,47.8%
WPR,Philippines,2007,"29,433,254",Completed,DEC + ALB,38,95.0%,"21,882,571","13,627,661",62.3%,46.3%
WPR,Philippines,2008,"29,696,325",Completed,DEC + ALB,39,100.0%,"23,441,077","14,577,071",62.2%,49.1%
WPR,Philippines,2009,"29,696,325",Completed,DEC + ALB,36,92.3%,"24,626,418","15,877,143",64.5%,53.5%
WPR,Philippines,2010,"33,908,807",Completed,DEC + ALB,38,97.4%,"24,864,791","15,183,276",61.1%,44.8%
WPR,Philippines,2011,"29,383,286",Completed,DEC + ALB,35,92.1%,"29,383,286","19,455,709",66.2%,66.2%
WPR,Philippines,2012,"29,383,286",Completed,DEC + ALB,36,81.8%,"25,736,598","18,143,425",70.5%,61.7%
WPR,Philippines,2013,"19,541,323",Completed,DEC + ALB,23,100.0%,"19,541,323","15,530,143",79.5%,79.5%
WPR,Philippines,2014,"21,879,837",Completed,DEC + ALB,22,100.0%,"20,343,874","14,949,615",73.5%,68.3%
WPR,Philippines,2015,"18,841,425",Completed,DEC + ALB,16,84.2%,"16,776,309","11,095,582",66.1%,58.9%
WPR,Philippines,2016,"8,455,892",Completed,DEC + ALB,10,100.0%,"8,455,892","6,143,845",72.7%,72.7%
WPR,Samoa,1999,"170,000",Completed,DEC + ALB,1,100.0%,"161,298","145,592",90.3%,85.6%
WPR,Samoa,2000,"170,000",Completed,DEC + ALB,1,100.0%,"161,298","91,613",56.8%,53.9%
WPR,Samoa,2001,"184,400",Completed,DEC + ALB,1,100.0%,"174,190","119,100",68.4%,64.6%
WPR,Samoa,2002,"184,400",Completed,DEC + ALB,1,100.0%,"174,140","96,301",55.3%,52.2%
WPR,Samoa,2003,"184,400",Completed,DEC + ALB,1,100.0%,"176,848","140,855",79.6%,76.4%
WPR,Samoa,2004,"184,400",Completed,No MDA,-,-,-,-,-,-
WPR,Samoa,2005,"184,400",Completed,No MDA,-,-,-,-,-,-
WPR,Samoa,2006,"286,275",Completed,DEC + ALB,1,100.0%,"185,234","143,338",77.4%,50.1%
WPR,Samoa,2007,"186,649",Completed,No MDA,-,-,-,-,-,-
WPR,Samoa,2008,"186,649",Completed,DEC + ALB,1,100.0%,"172,448","162,962",94.5%,87.3%
WPR,Samoa,2009,"186,649",Completed,No data,-,-,-,-,-,-
WPR,Samoa,2010,"186,649",Completed,No MDA,-,-,-,-,-,-
WPR,Samoa,2011,"186,649",Completed,No MDA,-,-,-,-,-,-
WPR,Samoa,2012,"186,649",Completed,No MDA,-,-,-,-,-,-
WPR,Samoa,2013,"186,649",Completed,No MDA,-,-,-,-,-,-
WPR,Samoa,2014,"182,052",Completed,DEC + ALB,1,100.0%,"61,325","44,154",72.0%,24.3%
WPR,Samoa,2015,"61,325",Completed,No MDA,-,-,-,-,-,-
WPR,Samoa,2016,"61,325",Completed,No MDA,-,-,-,-,-,-
WPR,Solomon Islands,2009,-,Completed,Not required MDA,-,-,-,-,-,-
WPR,Solomon Islands,2010,-,-,Classified as non-endemic,-,-,-,-,-,-
WPR,Tonga,2001,"98,000",Completed,DEC + ALB,1,100.0%,"98,036","79,969",81.6%,81.6%
WPR,Tonga,2002,"98,000",Completed,DEC + ALB,1,100.0%,"90,720","82,023",90.4%,83.7%
WPR,Tonga,2003,"98,000",Completed,DEC + ALB,1,100.0%,"97,784","88,752",90.8%,90.6%
WPR,Tonga,2004,"98,000",Completed,DEC + ALB,1,100.0%,"97,784","83,719",85.6%,85.4%
WPR,Tonga,2005,"98,000",Completed,DEC + ALB,1,100.0%,"98,000","83,218",84.9%,84.9%
WPR,Tonga,2006,"98,000",Completed,DEC + ALB,1,100.0%,"1,002",923,92.1%,0.9%
WPR,Tonga,2007,-,-,Surveillance,-,-,-,-,-,-
WPR,Tonga,2008,-,-,Surveillance,-,-,-,-,-,-
WPR,Tonga,2009,-,-,Surveillance,-,-,-,-,-,-
WPR,Tonga,2010,-,-,Surveillance,-,-,-,-,-,-
WPR,Tonga,2011,-,-,Surveillance,-,-,-,-,-,-
WPR,Tonga,2012,-,-,Surveillance,-,-,-,-,-,-
WPR,Tonga,2013,-,-,Surveillance,-,-,-,-,-,-
WPR,Tonga,2014,-,-,Surveillance,-,-,-,-,-,-
WPR,Tonga,2015,-,-,Surveillance,-,-,-,-,-,-
WPR,Tonga,2016,-,-,Eliminated as a public health problem,-,-,-,-,-,-
WPR,Tuvalu,2001,"9,600",Completed,DEC + ALB,1,100.0%,"8,307","6,742",81.2%,70.2%
WPR,Tuvalu,2002,"9,600",Completed,DEC + ALB,1,100.0%,"9,900","4,467",45.1%,46.5%
WPR,Tuvalu,2003,"9,600",Completed,DEC + ALB,1,100.0%,"9,561","7,896",82.6%,82.3%
WPR,Tuvalu,2004,"9,600",Completed,DEC + ALB,1,100.0%,"9,561","8,000",83.7%,83.3%
WPR,Tuvalu,2005,"9,600",Completed,DEC + ALB,1,100.0%,"9,600","7,728",80.5%,80.5%
WPR,Tuvalu,2006,"9,600",Completed,No MDA,-,-,-,-,-,-
WPR,Tuvalu,2007,"9,561",Completed,DEC + ALB,1,100.0%,"9,561",141,1.5%,1.5%
WPR,Tuvalu,2008,"9,561",Completed,No MDA,-,-,-,-,-,-
WPR,Tuvalu,2009,"9,561",Completed,No MDA,-,-,-,-,-,-
WPR,Tuvalu,2010,"9,561",Completed,No data,-,-,-,-,-,-
WPR,Tuvalu,2011,"10,373",Completed,DEC + ALB,1,100.0%,"10,373",194,1.9%,1.9%
WPR,Tuvalu,2012,"10,373",Completed,No MDA,-,-,-,-,-,-
WPR,Tuvalu,2013,"10,373",Completed,No MDA,-,-,-,-,-,-
WPR,Tuvalu,2014,"11,477",Completed,DEC + ALB,1,100.0%,"11,477","11,236",97.9%,97.9%
WPR,Tuvalu,2015,"10,312",Completed,No MDA,-,-,-,-,-,-
WPR,Tuvalu,2016,"10,782",Completed,DEC + ALB,1,100.0%,"10,782","7,815",72.5%,72.5%
WPR,Vanuatu,2000,"196,200",Completed,DEC + ALB,1,100.0%,"186,678","154,739",82.9%,78.9%
WPR,Vanuatu,2001,"196,200",Completed,DEC + ALB,1,100.0%,"186,678","155,517",83.3%,79.3%
WPR,Vanuatu,2002,"196,200",Completed,DEC + ALB,1,100.0%,"186,678","156,368",83.8%,79.7%
WPR,Vanuatu,2003,"196,200",Completed,DEC + ALB,1,100.0%,"186,678","163,271",87.5%,83.2%
WPR,Vanuatu,2004,"196,200",Completed,DEC + ALB,1,100.0%,"186,678","158,758",85.0%,80.9%
WPR,Vanuatu,2005,"221,600",Completed,No MDA,-,-,-,-,-,-
WPR,Vanuatu,2006,"221,600",Completed,No MDA,-,-,-,-,-,-
WPR,Vanuatu,2007,-,-,Surveillance,-,-,-,-,-,-
WPR,Vanuatu,2008,-,-,Surveillance,-,-,-,-,-,-
WPR,Vanuatu,2009,-,-,Surveillance,-,-,-,-,-,-
WPR,Vanuatu,2010,-,-,Surveillance,-,-,-,-,-,-
WPR,Vanuatu,2011,-,-,Surveillance,-,-,-,-,-,-
WPR,Vanuatu,2012,-,-,Surveillance,-,-,-,-,-,-
WPR,Vanuatu,2013,-,-,Surveillance,-,-,-,-,-,-
WPR,Vanuatu,2014,-,-,Surveillance,-,-,-,-,-,-
WPR,Vanuatu,2015,-,-,Eliminated as a public health problem,-,-,-,-,-,-
WPR,Vanuatu,2016,-,-,Eliminated as a public health problem,-,-,-,-,-,-
WPR,Viet Nam,2002,"10,000,000",In progress,DEC + ALB,1,16.7%,"88,200","76,339",86.6%,0.8%
WPR,Viet Nam,2003,"1,480,000",Completed,DEC + ALB,2,33.3%,"117,205","105,079",89.7%,7.1%
WPR,Viet Nam,2004,"670,500",Completed,DEC + ALB,6,100.0%,"667,765","587,818",88.0%,87.7%
WPR,Viet Nam,2005,"671,780",Completed,DEC + ALB,6,100.0%,"671,780","569,499",84.8%,84.8%
WPR,Viet Nam,2006,"675,215",Completed,DEC + ALB,6,100.0%,"675,215","599,938",88.9%,88.9%
WPR,Viet Nam,2007,"681,568",Completed,DEC + ALB,6,100.0%,"681,568","588,464",86.3%,86.3%
WPR,Viet Nam,2008,"681,568",Completed,No data,-,-,-,-,-,-
WPR,Viet Nam,2009,-,-,Surveillance,-,-,-,-,-,-
WPR,Viet Nam,2010,-,-,Surveillance,-,-,-,-,-,-
WPR,Viet Nam,2011,-,-,Surveillance,-,-,-,-,-,-
WPR,Viet Nam,2012,-,-,Surveillance,-,-,-,-,-,-
WPR,Viet Nam,2013,-,-,Surveillance,-,-,-,-,-,-
WPR,Viet Nam,2014,-,-,Surveillance,-,-,-,-,-,-
WPR,Viet Nam,2015,-,-,Surveillance,-,-,-,-,-,-
WPR,Viet Nam,2016,-,-,Surveillance,-,-,-,-,-,-
WPR,Wallis and Futuna,2002,"15,000",Completed,DEC + ALB,1,100.0%,"14,166","8,522",60.2%,56.8%
WPR,Wallis and Futuna,2003,"15,000",Completed,DEC + ALB,1,100.0%,"14,600","9,252",63.4%,61.7%
WPR,Wallis and Futuna,2004,"15,000",Completed,DEC + ALB,1,100.0%,"14,934","9,918",66.4%,66.1%
WPR,Wallis and Futuna,2005,"15,000",Completed,DEC + ALB,1,100.0%,"15,000","8,512",56.7%,56.7%
WPR,Wallis and Futuna,2006,"15,181",Completed,DEC + ALB,1,100.0%,"15,260","8,015",52.5%,52.8%
WPR,Wallis and Futuna,2007,"15,181",Completed,DEC + ALB,1,100.0%,"15,305","8,512",55.6%,56.1%
WPR,Wallis and Futuna,2008,"15,181",Completed,No data,-,-,-,-,-,-
WPR,Wallis and Futuna,2009,"15,181",Completed,No data,-,-,-,-,-,-
WPR,Wallis and Futuna,2010,-,-,Surveillance,-,-,-,-,-,-
WPR,Wallis and Futuna,2011,-,-,Surveillance,-,-,-,-,-,-
WPR,Wallis and Futuna,2012,-,-,Surveillance,-,-,-,-,-,-
WPR,Wallis and Futuna,2013,-,-,Surveillance,-,-,-,-,-,-
WPR,Wallis and Futuna,2014,-,-,Surveillance,-,-,-,-,-,-
WPR,Wallis and Futuna,2015,-,-,Surveillance,-,-,-,-,-,-
WPR,Wallis and Futuna,2016,-,-,Surveillance,-,-,-,-,-,-
"
",,,,,,,,,,,